Geographic Area,Daily Cases,Total  Confirmed Cases,Recovered by Region,Still infectious by Region,Number of Deaths,Date
"SOUTH COUNTY UNINCORPORATED AREA includes communities of Montecito, Summerland and the City of Carpinteria",1,211,199,5,7,"October 20, 2020"
CITY OF SANTA BARBARA and the unincorporated area of Mission Canyon,2,1263,1243,7,13,"October 20, 2020"
CITY OF GOLETA,1,273,265,4,4,"October 20, 2020"
COMMUNITY OF ISLA VISTA,4,298,265,32,1,"October 20, 2020"
UNINCORPORATED AREA OF THE GOLETA VALLEY AND GAVIOTA,0,216,211,3,2,"October 20, 2020"
"SANTA YNEZ VALLEY including the Cities of Solvang & Buellton, and the communities of Santa Ynez, Los Alamos, Los Olivos and Ballard",2,178,165,6,7,"October 20, 2020"
CITY OF LOMPOC and the communities of Mission Hills and Vandenberg Village,2,912,891,13,8,"October 20, 2020"
FEDERAL PRISON IN LOMPOC,0,1026,1023,0,3,"October 20, 2020"
CITY OF SANTA MARIA,11,4089,3994,30,66,"October 20, 2020"
COMMUNITY OF ORCUTT,2,363,356,3,3,"October 20, 2020"
"UNINCORPORATED AREAS of Sisquoc, Casmalia, Garey,  Cuyama, New Cuyama, and the City of Guadalupe",1,457,448,4,5,"October 20, 2020"
Out of County,,,0,0,0,"October 20, 2020"
Pending,4,385,374,11,,"October 20, 2020"
Total**,30,9671,9434,118,119,"October 20, 2020"
"SOUTH COUNTY UNINCORPORATED AREA includes communities of Montecito, Summerland and the City of Carpinteria",0,210,199,4,7,"October 19, 2020"
CITY OF SANTA BARBARA and the unincorporated area of Mission Canyon,2,1261,1242,6,13,"October 19, 2020"
CITY OF GOLETA,0,272,264,4,4,"October 19, 2020"
COMMUNITY OF ISLA VISTA,14,293,260,32,1,"October 19, 2020"
UNINCORPORATED AREA OF THE GOLETA VALLEY AND GAVIOTA,0,216,211,3,2,"October 19, 2020"
"SANTA YNEZ VALLEY including the Cities of Solvang & Buellton, and the communities of Santa Ynez, Los Alamos, Los Olivos and Ballard",0,177,166,4,7,"October 19, 2020"
CITY OF LOMPOC and the communities of Mission Hills and Vandenberg Village,2,910,886,16,8,"October 19, 2020"
FEDERAL PRISON IN LOMPOC,0,1026,1023,0,3,"October 19, 2020"
CITY OF SANTA MARIA,2,4091,3998,27,66,"October 19, 2020"
COMMUNITY OF ORCUTT,0,357,345,9,3,"October 19, 2020"
"UNINCORPORATED AREAS of Sisquoc, Casmalia, Garey,  Cuyama, New Cuyama, and the City of Guadalupe",0,447,436,6,5,"October 19, 2020"
Out of County,,,0,0,0,"October 19, 2020"
Pending,4,381,371,10,,"October 19, 2020"
Total**,24,9641,9401,121,119,"October 19, 2020"
"SOUTH COUNTY UNINCORPORATED AREA includes communities of Montecito, Summerland and the City of Carpinteria",1,207,196,4,7,"October 16, 2020"
CITY OF SANTA BARBARA and the unincorporated area of Mission Canyon,2,1257,1232,12,13,"October 16, 2020"
CITY OF GOLETA,0,270,262,4,4,"October 16, 2020"
COMMUNITY OF ISLA VISTA,4,269,256,12,1,"October 16, 2020"
UNINCORPORATED AREA OF THE GOLETA VALLEY AND GAVIOTA,2,214,207,5,2,"October 16, 2020"
"SANTA YNEZ VALLEY including the Cities of Solvang & Buellton, and the communities of Santa Ynez, Los Alamos, Los Olivos and Ballard",2,176,161,8,7,"October 16, 2020"
CITY OF LOMPOC and the communities of Mission Hills and Vandenberg Village,1,899,879,12,8,"October 16, 2020"
FEDERAL PRISON IN LOMPOC,0,1026,1022,1,3,"October 16, 2020"
CITY OF SANTA MARIA,5,4073,3968,39,66,"October 16, 2020"
COMMUNITY OF ORCUTT,4,351,344,4,3,"October 16, 2020"
"UNINCORPORATED AREAS of Sisquoc, Casmalia, Garey,  Cuyama, New Cuyama, and the City of Guadalupe",1,444,432,7,5,"October 16, 2020"
Out of County,,,0,0,0,"October 16, 2020"
Pending,1,374,370,4,,"October 16, 2020"
Total**,23,9560,9329,112,119,"October 16, 2020"
"SOUTH COUNTY UNINCORPORATED AREA includes communities of Montecito, Summerland and the City of Carpinteria",2,206,196,3,7,"October 15, 2020"
CITY OF SANTA BARBARA and the unincorporated area of Mission Canyon,1,1255,1231,11,13,"October 15, 2020"
CITY OF GOLETA,0,271,262,5,4,"October 15, 2020"
COMMUNITY OF ISLA VISTA,4,266,255,10,1,"October 15, 2020"
UNINCORPORATED AREA OF THE GOLETA VALLEY AND GAVIOTA,1,212,205,5,2,"October 15, 2020"
"SANTA YNEZ VALLEY including the Cities of Solvang & Buellton, and the communities of Santa Ynez, Los Alamos, Los Olivos and Ballard",2,174,160,7,7,"October 15, 2020"
CITY OF LOMPOC and the communities of Mission Hills and Vandenberg Village,3,899,879,12,8,"October 15, 2020"
FEDERAL PRISON IN LOMPOC,0,1026,1022,1,3,"October 15, 2020"
CITY OF SANTA MARIA,4,4068,3961,42,65,"October 15, 2020"
COMMUNITY OF ORCUTT,0,347,340,4,3,"October 15, 2020"
"UNINCORPORATED AREAS of Sisquoc, Casmalia, Garey,  Cuyama, New Cuyama, and the City of Guadalupe",1,443,429,9,5,"October 15, 2020"
Out of County,,,0,0,0,"October 15, 2020"
Pending,2,373,368,5,,"October 15, 2020"
Total**,20,9540,9308,114,118,"October 15, 2020"
"SOUTH COUNTY UNINCORPORATED AREA includes communities of Montecito, Summerland and the City of Carpinteria",0,204,194,3,7,"October 14, 2020"
CITY OF SANTA BARBARA and the unincorporated area of Mission Canyon,1,1254,1228,13,13,"October 14, 2020"
CITY OF GOLETA,2,271,261,6,4,"October 14, 2020"
COMMUNITY OF ISLA VISTA,7,262,250,11,1,"October 14, 2020"
UNINCORPORATED AREA OF THE GOLETA VALLEY AND GAVIOTA,0,211,204,5,2,"October 14, 2020"
"SANTA YNEZ VALLEY including the Cities of Solvang & Buellton, and the communities of Santa Ynez, Los Alamos, Los Olivos and Ballard",1,172,155,10,7,"October 14, 2020"
CITY OF LOMPOC and the communities of Mission Hills and Vandenberg Village,2,896,873,15,8,"October 14, 2020"
FEDERAL PRISON IN LOMPOC,0,1026,1022,1,3,"October 14, 2020"
CITY OF SANTA MARIA,4,4064,3955,45,64,"October 14, 2020"
COMMUNITY OF ORCUTT,0,347,336,8,3,"October 14, 2020"
"UNINCORPORATED AREAS of Sisquoc, Casmalia, Garey,  Cuyama, New Cuyama, and the City of Guadalupe",0,442,427,10,5,"October 14, 2020"
Out of County,,,0,0,0,"October 14, 2020"
Pending,2,371,368,3,,"October 14, 2020"
Total**,19,9520,9273,130,117,"October 14, 2020"
"SOUTH COUNTY UNINCORPORATED AREA includes communities of Montecito, Summerland and the City of Carpinteria",2,204,193,4,7,"October 13, 2020"
CITY OF SANTA BARBARA and the unincorporated area of Mission Canyon,6,1255,1230,12,13,"October 13, 2020"
CITY OF GOLETA,1,269,260,5,4,"October 13, 2020"
COMMUNITY OF ISLA VISTA,1,255,248,6,1,"October 13, 2020"
UNINCORPORATED AREA OF THE GOLETA VALLEY AND GAVIOTA,2,211,204,5,2,"October 13, 2020"
"SANTA YNEZ VALLEY including the Cities of Solvang & Buellton, and the communities of Santa Ynez, Los Alamos, Los Olivos and Ballard",2,170,153,10,7,"October 13, 2020"
CITY OF LOMPOC and the communities of Mission Hills and Vandenberg Village,1,895,870,17,8,"October 13, 2020"
FEDERAL PRISON IN LOMPOC,1,1026,1022,1,3,"October 13, 2020"
CITY OF SANTA MARIA,8,4060,3952,45,63,"October 13, 2020"
COMMUNITY OF ORCUTT,2,347,335,9,3,"October 13, 2020"
"UNINCORPORATED AREAS of Sisquoc, Casmalia, Garey,  Cuyama, New Cuyama, and the City of Guadalupe",3,442,424,13,5,"October 13, 2020"
Out of County,,,0,0,0,"October 13, 2020"
Pending,0,369,368,1,,"October 13, 2020"
Total**,29,9503,9259,128,116,"October 13, 2020"
"SOUTH COUNTY UNINCORPORATED AREA includes communities of Montecito, Summerland and the City of Carpinteria",0,202,193,2,7,"October 12, 2020"
CITY OF SANTA BARBARA and the unincorporated area of Mission Canyon,3,1249,1227,9,13,"October 12, 2020"
CITY OF GOLETA,1,268,260,4,4,"October 12, 2020"
COMMUNITY OF ISLA VISTA,1,255,247,7,1,"October 12, 2020"
UNINCORPORATED AREA OF THE GOLETA VALLEY AND GAVIOTA,0,209,204,3,2,"October 12, 2020"
"SANTA YNEZ VALLEY including the Cities of Solvang & Buellton, and the communities of Santa Ynez, Los Alamos, Los Olivos and Ballard",5,168,153,8,7,"October 12, 2020"
CITY OF LOMPOC and the communities of Mission Hills and Vandenberg Village,1,894,864,22,8,"October 12, 2020"
FEDERAL PRISON IN LOMPOC,0,1025,1022,0,3,"October 12, 2020"
CITY OF SANTA MARIA,13,4052,3945,44,63,"October 12, 2020"
COMMUNITY OF ORCUTT,0,345,334,8,3,"October 12, 2020"
"UNINCORPORATED AREAS of Sisquoc, Casmalia, Garey,  Cuyama, New Cuyama, and the City of Guadalupe",0,439,423,11,5,"October 12, 2020"
Out of County,,,0,0,0,"October 12, 2020"
Pending,0,369,368,1,,"October 12, 2020"
Total**,24,9475,9240,119,116,"October 12, 2020"
"SOUTH COUNTY UNINCORPORATED AREA includes communities of Montecito, Summerland and the City of Carpinteria",1,203,193,3,7,"October 9, 2020"
CITY OF SANTA BARBARA and the unincorporated area of Mission Canyon,0,1239,1215,11,13,"October 9, 2020"
CITY OF GOLETA,0,266,258,4,4,"October 9, 2020"
COMMUNITY OF ISLA VISTA,4,250,241,8,1,"October 9, 2020"
UNINCORPORATED AREA OF THE GOLETA VALLEY AND GAVIOTA,2,205,199,4,2,"October 9, 2020"
"SANTA YNEZ VALLEY including the Cities of Solvang & Buellton, and the communities of Santa Ynez, Los Alamos, Los Olivos and Ballard",1,160,149,4,7,"October 9, 2020"
CITY OF LOMPOC and the communities of Mission Hills and Vandenberg Village,5,882,850,24,8,"October 9, 2020"
FEDERAL PRISON IN LOMPOC,0,1025,1021,1,3,"October 9, 2020"
CITY OF SANTA MARIA,8,4012,3900,49,63,"October 9, 2020"
COMMUNITY OF ORCUTT,1,341,328,10,3,"October 9, 2020"
"UNINCORPORATED AREAS of Sisquoc, Casmalia, Garey,  Cuyama, New Cuyama, and the City of Guadalupe",0,432,419,8,5,"October 9, 2020"
Out of County,,,0,0,0,"October 9, 2020"
Pending,0,393,391,2,,"October 9, 2020"
Total**,22,9408,9164,128,116,"October 9, 2020"
"SOUTH COUNTY UNINCORPORATED AREA includes communities of Montecito, Summerland and the City of Carpinteria",2,202,192,3,7,"October 8, 2020"
CITY OF SANTA BARBARA and the unincorporated area of Mission Canyon,2,1239,1215,11,13,"October 8, 2020"
CITY OF GOLETA,1,266,255,7,4,"October 8, 2020"
COMMUNITY OF ISLA VISTA,2,246,241,4,1,"October 8, 2020"
UNINCORPORATED AREA OF THE GOLETA VALLEY AND GAVIOTA,1,203,199,2,2,"October 8, 2020"
"SANTA YNEZ VALLEY including the Cities of Solvang & Buellton, and the communities of Santa Ynez, Los Alamos, Los Olivos and Ballard",0,160,148,5,7,"October 8, 2020"
CITY OF LOMPOC and the communities of Mission Hills and Vandenberg Village,3,877,845,24,8,"October 8, 2020"
FEDERAL PRISON IN LOMPOC,0,1025,1021,1,3,"October 8, 2020"
CITY OF SANTA MARIA,4,4004,3894,48,62,"October 8, 2020"
COMMUNITY OF ORCUTT,5,340,327,10,3,"October 8, 2020"
"UNINCORPORATED AREAS of Sisquoc, Casmalia, Garey,  Cuyama, New Cuyama, and the City of Guadalupe",2,432,418,9,5,"October 8, 2020"
Out of County,,,0,0,0,"October 8, 2020"
Pending,2,393,391,2,,"October 8, 2020"
Total**,24,9387,9146,126,115,"October 8, 2020"
"SOUTH COUNTY UNINCORPORATED AREA includes communities of Montecito, Summerland and the City of Carpinteria",1,200,189,4,7,"October 7, 2020"
CITY OF SANTA BARBARA and the unincorporated area of Mission Canyon,3,1237,1217,11,13,"October 7, 2020"
CITY OF GOLETA,2,265,255,6,4,"October 7, 2020"
COMMUNITY OF ISLA VISTA,0,244,239,4,1,"October 7, 2020"
UNINCORPORATED AREA OF THE GOLETA VALLEY AND GAVIOTA,0,202,198,2,2,"October 7, 2020"
"SANTA YNEZ VALLEY including the Cities of Solvang & Buellton, and the communities of Santa Ynez, Los Alamos, Los Olivos and Ballard",2,160,149,4,7,"October 7, 2020"
CITY OF LOMPOC and the communities of Mission Hills and Vandenberg Village,5,874,843,23,8,"October 7, 2020"
FEDERAL PRISON IN LOMPOC,0,1025,1021,1,3,"October 7, 2020"
CITY OF SANTA MARIA,7,4000,3884,54,62,"October 7, 2020"
COMMUNITY OF ORCUTT,1,335,327,5,3,"October 7, 2020"
"UNINCORPORATED AREAS of Sisquoc, Casmalia, Garey,  Cuyama, New Cuyama, and the City of Guadalupe",2,430,418,7,5,"October 7, 2020"
Out of County,,,0,0,0,"October 7, 2020"
Pending,0,391,389,2,,"October 7, 2020"
Total**,23,9363,9125,123,115,"October 7, 2020"
"SOUTH COUNTY UNINCORPORATED AREA includes communities of Montecito, Summerland and the City of Carpinteria",2,199,188,4,7,"October 6, 2020"
CITY OF SANTA BARBARA and the unincorporated area of Mission Canyon,1,1234,1210,11,13,"October 6, 2020"
CITY OF GOLETA,1,263,254,5,4,"October 6, 2020"
COMMUNITY OF ISLA VISTA,2,244,238,5,1,"October 6, 2020"
UNINCORPORATED AREA OF THE GOLETA VALLEY AND GAVIOTA,0,202,198,2,2,"October 6, 2020"
"SANTA YNEZ VALLEY including the Cities of Solvang & Buellton, and the communities of Santa Ynez, Los Alamos, Los Olivos and Ballard",1,158,148,3,7,"October 6, 2020"
CITY OF LOMPOC and the communities of Mission Hills and Vandenberg Village,4,869,840,21,8,"October 6, 2020"
FEDERAL PRISON IN LOMPOC,1,1025,1021,1,3,"October 6, 2020"
CITY OF SANTA MARIA,8,3991,3877,52,62,"October 6, 2020"
COMMUNITY OF ORCUTT,0,334,326,5,3,"October 6, 2020"
"UNINCORPORATED AREAS of Sisquoc, Casmalia, Garey,  Cuyama, New Cuyama, and the City of Guadalupe",2,428,418,5,5,"October 6, 2020"
Out of County,,,0,0,0,"October 6, 2020"
Pending,0,393,389,4,,"October 6, 2020"
Total**,22,9340,9107,118,115,"October 6, 2020"
"SOUTH COUNTY UNINCORPORATED AREA includes communities of Montecito, Summerland and the City of Carpinteria",0,197,188,2,7,"October 5, 2020"
CITY OF SANTA BARBARA and the unincorporated area of Mission Canyon,1,1233,1209,11,13,"October 5, 2020"
CITY OF GOLETA,1,262,252,6,4,"October 5, 2020"
COMMUNITY OF ISLA VISTA,0,242,238,3,1,"October 5, 2020"
UNINCORPORATED AREA OF THE GOLETA VALLEY AND GAVIOTA,0,202,198,2,2,"October 5, 2020"
"SANTA YNEZ VALLEY including the Cities of Solvang & Buellton, and the communities of Santa Ynez, Los Alamos, Los Olivos and Ballard",1,157,147,3,7,"October 5, 2020"
CITY OF LOMPOC and the communities of Mission Hills and Vandenberg Village,6,865,835,22,8,"October 5, 2020"
FEDERAL PRISON IN LOMPOC,0,1024,1021,0,3,"October 5, 2020"
CITY OF SANTA MARIA,20,3984,3866,56,62,"October 5, 2020"
COMMUNITY OF ORCUTT,4,334,326,5,3,"October 5, 2020"
"UNINCORPORATED AREAS of Sisquoc, Casmalia, Garey,  Cuyama, New Cuyama, and the City of Guadalupe",0,426,415,6,5,"October 5, 2020"
Out of County,,,0,0,0,"October 5, 2020"
Pending,2,393,387,6,,"October 5, 2020"
Total**,35,9319,9082,122,115,"October 5, 2020"
"SOUTH COUNTY UNINCORPORATED AREA includes communities of Montecito, Summerland and the City of Carpinteria",0,196,186,3,7,"October 2, 2020"
CITY OF SANTA BARBARA and the unincorporated area of Mission Canyon,1,1225,1203,9,13,"October 2, 2020"
CITY OF GOLETA,2,259,250,5,4,"October 2, 2020"
COMMUNITY OF ISLA VISTA,1,240,232,7,1,"October 2, 2020"
UNINCORPORATED AREA OF THE GOLETA VALLEY AND GAVIOTA,0,201,196,3,2,"October 2, 2020"
"SANTA YNEZ VALLEY including the Cities of Solvang & Buellton, and the communities of Santa Ynez, Los Alamos, Los Olivos and Ballard",2,155,145,3,7,"October 2, 2020"
CITY OF LOMPOC and the communities of Mission Hills and Vandenberg Village,5,851,821,220,8,"October 2, 2020"
FEDERAL PRISON IN LOMPOC,0,1024,1021,0,3,"October 2, 2020"
CITY OF SANTA MARIA,12,3953,3816,75,62,"October 2, 2020"
COMMUNITY OF ORCUTT,1,330,318,9,3,"October 2, 2020"
"UNINCORPORATED AREAS of Sisquoc, Casmalia, Garey,  Cuyama, New Cuyama, and the City of Guadalupe",1,424,399,20,5,"October 2, 2020"
Out of County,,,0,0,0,"October 2, 2020"
Pending,1,391,379,12,,"October 2, 2020"
Total**,26,9249,8966,168,115,"October 2, 2020"
"SOUTH COUNTY UNINCORPORATED AREA includes communities of Montecito, Summerland and the City of Carpinteria",2,196,184,5,7,"October 1, 2020"
CITY OF SANTA BARBARA and the unincorporated area of Mission Canyon,2,1224,1201,10,13,"October 1, 2020"
CITY OF GOLETA,1,257,249,4,4,"October 1, 2020"
COMMUNITY OF ISLA VISTA,1,239,228,10,1,"October 1, 2020"
UNINCORPORATED AREA OF THE GOLETA VALLEY AND GAVIOTA,0,201,196,3,2,"October 1, 2020"
"SANTA YNEZ VALLEY including the Cities of Solvang & Buellton, and the communities of Santa Ynez, Los Alamos, Los Olivos and Ballard",1,153,144,2,7,"October 1, 2020"
CITY OF LOMPOC and the communities of Mission Hills and Vandenberg Village,2,846,818,20,8,"October 1, 2020"
FEDERAL PRISON IN LOMPOC,0,1024,1021,0,3,"October 1, 2020"
CITY OF SANTA MARIA,14,3941,3809,70,62,"October 1, 2020"
COMMUNITY OF ORCUTT,1,329,314,12,3,"October 1, 2020"
"UNINCORPORATED AREAS of Sisquoc, Casmalia, Garey,  Cuyama, New Cuyama, and the City of Guadalupe",0,423,399,19,5,"October 1, 2020"
Out of County,,,0,0,0,"October 1, 2020"
Pending,2,390,376,14,,"October 1, 2020"
Total**,26,9223,8939,169,115,"October 1, 2020"
"SOUTH COUNTY UNINCORPORATED AREA includes communities of Montecito, Summerland and the City of Carpinteria",1,194,183,4,7,"September 30, 2020"
CITY OF SANTA BARBARA and the unincorporated area of Mission Canyon,0,1222,1198,18,13,"September 30, 2020"
CITY OF GOLETA,0,256,248,4,4,"September 30, 2020"
COMMUNITY OF ISLA VISTA,4,238,222,15,1,"September 30, 2020"
UNINCORPORATED AREA OF THE GOLETA VALLEY AND GAVIOTA,1,201,196,3,2,"September 30, 2020"
"SANTA YNEZ VALLEY including the Cities of Solvang & Buellton, and the communities of Santa Ynez, Los Alamos, Los Olivos and Ballard",0,152,144,1,7,"September 30, 2020"
CITY OF LOMPOC and the communities of Mission Hills and Vandenberg Village,6,844,810,26,8,"September 30, 2020"
FEDERAL PRISON IN LOMPOC,0,1024,1021,0,3,"September 30, 2020"
CITY OF SANTA MARIA,15,3927,3793,73,61,"September 30, 2020"
COMMUNITY OF ORCUTT,1,328,313,12,3,"September 30, 2020"
"UNINCORPORATED AREAS of Sisquoc, Casmalia, Garey,  Cuyama, New Cuyama, and the City of Guadalupe",5,423,397,21,5,"September 30, 2020"
Out of County,,,0,0,0,"September 30, 2020"
Pending,1,388,376,12,,"September 30, 2020"
Total**,34,9197,8901,182,114,"September 30, 2020"
"SOUTH COUNTY UNINCORPORATED AREA includes communities of Montecito, Summerland and the City of Carpinteria",2,193,183,3,7,"September 29, 2020"
CITY OF SANTA BARBARA and the unincorporated area of Mission Canyon,3,1222,1196,13,13,"September 29, 2020"
CITY OF GOLETA,1,256,247,5,4,"September 29, 2020"
COMMUNITY OF ISLA VISTA,0,234,221,12,1,"September 29, 2020"
UNINCORPORATED AREA OF THE GOLETA VALLEY AND GAVIOTA,1,200,195,3,2,"September 29, 2020"
"SANTA YNEZ VALLEY including the Cities of Solvang & Buellton, and the communities of Santa Ynez, Los Alamos, Los Olivos and Ballard",0,152,145,1,6,"September 29, 2020"
CITY OF LOMPOC and the communities of Mission Hills and Vandenberg Village,4,838,805,25,8,"September 29, 2020"
FEDERAL PRISON IN LOMPOC,0,1024,1021,0,3,"September 29, 2020"
CITY OF SANTA MARIA,14,3913,3789,63,61,"September 29, 2020"
COMMUNITY OF ORCUTT,0,327,311,13,3,"September 29, 2020"
"UNINCORPORATED AREAS of Sisquoc, Casmalia, Garey,  Cuyama, New Cuyama, and the City of Guadalupe",5,418,396,17,5,"September 29, 2020"
Out of County,,,0,0,0,"September 29, 2020"
Pending,2,387,372,15,,"September 29, 2020"
Total**,32,9164,8881,170,113,"September 29, 2020"
"SOUTH COUNTY UNINCORPORATED AREA includes communities of Montecito, Summerland and the City of Carpinteria",0,191,181,2,7,"September 28, 2020"
CITY OF SANTA BARBARA and the unincorporated area of Mission Canyon,0,1218,1194,11,13,"September 28, 2020"
CITY OF GOLETA,1,255,246,5,4,"September 28, 2020"
COMMUNITY OF ISLA VISTA,2,234,220,13,1,"September 28, 2020"
UNINCORPORATED AREA OF THE GOLETA VALLEY AND GAVIOTA,0,199,195,2,2,"September 28, 2020"
"SANTA YNEZ VALLEY including the Cities of Solvang & Buellton, and the communities of Santa Ynez, Los Alamos, Los Olivos and Ballard",0,152,143,3,6,"September 28, 2020"
CITY OF LOMPOC and the communities of Mission Hills and Vandenberg Village,5,834,800,26,8,"September 28, 2020"
FEDERAL PRISON IN LOMPOC,0,1024,1021,0,3,"September 28, 2020"
CITY OF SANTA MARIA,16,3900,3778,61,61,"September 28, 2020"
COMMUNITY OF ORCUTT,5,326,309,14,3,"September 28, 2020"
"UNINCORPORATED AREAS of Sisquoc, Casmalia, Garey,  Cuyama, New Cuyama, and the City of Guadalupe",1,413,390,18,5,"September 28, 2020"
Out of County,,,0,0,0,"September 28, 2020"
Pending,0,387,372,15,,"September 28, 2020"
Total**,30,9133,8850,170,113,"September 28, 2020"
"SOUTH COUNTY UNINCORPORATED AREA includes communities of Montecito, Summerland and the City of Carpinteria",2,191,181,3,7,"September 25, 2020"
CITY OF SANTA BARBARA and the unincorporated area of Mission Canyon,1,1212,1184,15,13,"September 25, 2020"
CITY OF GOLETA,1,254,245,5,4,"September 25, 2020"
COMMUNITY OF ISLA VISTA,3,229,213,15,1,"September 25, 2020"
UNINCORPORATED AREA OF THE GOLETA VALLEY AND GAVIOTA,0,198,192,4,2,"September 25, 2020"
"SANTA YNEZ VALLEY including the Cities of Solvang & Buellton, and the communities of Santa Ynez, Los Alamos, Los Olivos and Ballard",0,152,138,8,6,"September 25, 2020"
CITY OF LOMPOC and the communities of Mission Hills and Vandenberg Village,10,820,793,19,8,"September 25, 2020"
FEDERAL PRISON IN LOMPOC,0,1024,1021,0,3,"September 25, 2020"
CITY OF SANTA MARIA,12,3859,3744,54,61,"September 25, 2020"
COMMUNITY OF ORCUTT,4,318,303,12,3,"September 25, 2020"
"UNINCORPORATED AREAS of Sisquoc, Casmalia, Garey,  Cuyama, New Cuyama, and the City of Guadalupe",2,403,385,13,5,"September 25, 2020"
Out of County,,,0,0,0,"September 25, 2020"
Pending,0,377,370,7,,"September 25, 2020"
Total**,35,9037,8769,155,113,"September 25, 2020"
"SOUTH COUNTY UNINCORPORATED AREA includes communities of Montecito, Summerland and the City of Carpinteria",0,189,181,1,7,"September 24, 2020"
CITY OF SANTA BARBARA and the unincorporated area of Mission Canyon,5,1211,1183,15,13,"September 24, 2020"
CITY OF GOLETA,2,253,244,5,4,"September 24, 2020"
COMMUNITY OF ISLA VISTA,7,226,212,13,1,"September 24, 2020"
UNINCORPORATED AREA OF THE GOLETA VALLEY AND GAVIOTA,1,198,192,4,2,"September 24, 2020"
"SANTA YNEZ VALLEY including the Cities of Solvang & Buellton, and the communities of Santa Ynez, Los Alamos, Los Olivos and Ballard",1,153,138,8,6,"September 24, 2020"
CITY OF LOMPOC and the communities of Mission Hills and Vandenberg Village,4,810,788,14,8,"September 24, 2020"
FEDERAL PRISON IN LOMPOC,0,1024,1021,0,3,"September 24, 2020"
CITY OF SANTA MARIA,6,3848,3739,48,61,"September 24, 2020"
COMMUNITY OF ORCUTT,1,314,302,9,3,"September 24, 2020"
"UNINCORPORATED AREAS of Sisquoc, Casmalia, Garey,  Cuyama, New Cuyama, and the City of Guadalupe",2,401,385,11,5,"September 24, 2020"
Out of County,,,0,0,0,"September 24, 2020"
Pending,1,377,368,9,,"September 24, 2020"
Total**,30,9003,8753,137,113,"September 24, 2020"
"SOUTH COUNTY UNINCORPORATED AREA includes communities of Montecito, Summerland and the City of Carpinteria",1,189,181,1,7,"September 23, 2020"
CITY OF SANTA BARBARA and the unincorporated area of Mission Canyon,1,1206,1177,16,13,"September 23, 2020"
CITY OF GOLETA,1,251,242,5,4,"September 23, 2020"
COMMUNITY OF ISLA VISTA,1,219,207,11,1,"September 23, 2020"
UNINCORPORATED AREA OF THE GOLETA VALLEY AND GAVIOTA,0,197,192,3,2,"September 23, 2020"
"SANTA YNEZ VALLEY including the Cities of Solvang & Buellton, and the communities of Santa Ynez, Los Alamos, Los Olivos and Ballard",2,151,137,8,6,"September 23, 2020"
CITY OF LOMPOC and the communities of Mission Hills and Vandenberg Village,1,806,783,15,8,"September 23, 2020"
FEDERAL PRISON IN LOMPOC,0,1024,1021,0,3,"September 23, 2020"
CITY OF SANTA MARIA,4,3842,3729,52,61,"September 23, 2020"
COMMUNITY OF ORCUTT,3,313,300,10,3,"September 23, 2020"
"UNINCORPORATED AREAS of Sisquoc, Casmalia, Garey,  Cuyama, New Cuyama, and the City of Guadalupe",3,399,382,12,5,"September 23, 2020"
Out of County,,,0,0,0,"September 23, 2020"
Pending,5,376,364,12,,"September 23, 2020"
Total**,22,8973,8715,145,113,"September 23, 2020"
"SOUTH COUNTY UNINCORPORATED AREA includes communities of Montecito, Summerland and the City of Carpinteria",0,188,180,1,7,"September 22, 2020"
CITY OF SANTA BARBARA and the unincorporated area of Mission Canyon,2,1205,1172,20,13,"September 22, 2020"
CITY OF GOLETA,2,250,241,5,4,"September 22, 2020"
COMMUNITY OF ISLA VISTA,4,218,207,10,1,"September 22, 2020"
UNINCORPORATED AREA OF THE GOLETA VALLEY AND GAVIOTA,2,197,192,3,2,"September 22, 2020"
"SANTA YNEZ VALLEY including the Cities of Solvang & Buellton, and the communities of Santa Ynez, Los Alamos, Los Olivos and Ballard",3,149,138,6,5,"September 22, 2020"
CITY OF LOMPOC and the communities of Mission Hills and Vandenberg Village,11,805,783,14,8,"September 22, 2020"
FEDERAL PRISON IN LOMPOC,0,1024,1021,0,3,"September 22, 2020"
CITY OF SANTA MARIA,0,3838,3722,56,60,"September 22, 2020"
COMMUNITY OF ORCUTT,0,310,299,8,3,"September 22, 2020"
"UNINCORPORATED AREAS of Sisquoc, Casmalia, Garey,  Cuyama, New Cuyama, and the City of Guadalupe",1,396,382,9,5,"September 22, 2020"
Out of County,,,0,0,0,"September 22, 2020"
Pending,0,372,363,9,,"September 22, 2020"
Total**,25,8952,8700,141,111,"September 22, 2020"
"SOUTH COUNTY UNINCORPORATED AREA includes communities of Montecito, Summerland and the City of Carpinteria",0,188,179,2,7,"September 21, 2020"
CITY OF SANTA BARBARA and the unincorporated area of Mission Canyon,6,1203,1171,19,13,"September 21, 2020"
CITY OF GOLETA,1,248,239,5,4,"September 21, 2020"
COMMUNITY OF ISLA VISTA,1,214,202,11,1,"September 21, 2020"
UNINCORPORATED AREA OF THE GOLETA VALLEY AND GAVIOTA,1,197,189,7,1,"September 21, 2020"
"SANTA YNEZ VALLEY including the Cities of Solvang & Buellton, and the communities of Santa Ynez, Los Alamos, Los Olivos and Ballard",2,147,137,5,5,"September 21, 2020"
CITY OF LOMPOC and the communities of Mission Hills and Vandenberg Village,2,802,776,18,8,"September 21, 2020"
FEDERAL PRISON IN LOMPOC,0,1024,1021,0,3,"September 21, 2020"
CITY OF SANTA MARIA,10,3827,3711,56,60,"September 21, 2020"
COMMUNITY OF ORCUTT,3,310,299,8,3,"September 21, 2020"
"UNINCORPORATED AREAS of Sisquoc, Casmalia, Garey,  Cuyama, New Cuyama, and the City of Guadalupe",0,395,381,9,5,"September 21, 2020"
Out of County,,,0,0,0,"September 21, 2020"
Pending,3,375,364,11,,"September 21, 2020"
Total**,29,8930,8669,151,110,"September 21, 2020"
"SOUTH COUNTY UNINCORPORATED AREA includes communities of Montecito, Summerland and the City of Carpinteria",1,188,179,2,7,"September 18, 2020"
CITY OF SANTA BARBARA and the unincorporated area of Mission Canyon,6,1189,1156,20,13,"September 18, 2020"
CITY OF GOLETA,1,246,234,8,4,"September 18, 2020"
COMMUNITY OF ISLA VISTA,2,209,187,21,1,"September 18, 2020"
UNINCORPORATED AREA OF THE GOLETA VALLEY AND GAVIOTA,0,192,183,8,1,"September 18, 2020"
"SANTA YNEZ VALLEY including the Cities of Solvang & Buellton, and the communities of Santa Ynez, Los Alamos, Los Olivos and Ballard",0,142,130,7,5,"September 18, 2020"
CITY OF LOMPOC and the communities of Mission Hills and Vandenberg Village,8,793,757,28,8,"September 18, 2020"
FEDERAL PRISON IN LOMPOC,2,1026,1021,2,3,"September 18, 2020"
CITY OF SANTA MARIA,17,3795,3682,52,60,"September 18, 2020"
COMMUNITY OF ORCUTT,0,305,294,8,3,"September 18, 2020"
"UNINCORPORATED AREAS of Sisquoc, Casmalia, Garey,  Cuyama, New Cuyama, and the City of Guadalupe",3,388,371,12,5,"September 18, 2020"
Out of County,,,0,0,0,"September 18, 2020"
Pending,3,373,362,11,,"September 18, 2020"
Total**,43,8846,8556,180,110,"September 18, 2020"
"SOUTH COUNTY UNINCORPORATED AREA includes communities of Montecito, Summerland and the City of Carpinteria",0,187,179,1,7,"September 17, 2020"
CITY OF SANTA BARBARA and the unincorporated area of Mission Canyon,4,1183,1147,23,13,"September 17, 2020"
CITY OF GOLETA,0,245,232,9,4,"September 17, 2020"
COMMUNITY OF ISLA VISTA,7,207,182,24,1,"September 17, 2020"
UNINCORPORATED AREA OF THE GOLETA VALLEY AND GAVIOTA,0,192,181,10,1,"September 17, 2020"
"SANTA YNEZ VALLEY including the Cities of Solvang & Buellton, and the communities of Santa Ynez, Los Alamos, Los Olivos and Ballard",0,142,129,8,5,"September 17, 2020"
CITY OF LOMPOC and the communities of Mission Hills and Vandenberg Village,4,785,755,22,8,"September 17, 2020"
FEDERAL PRISON IN LOMPOC,0,1024,1021,0,3,"September 17, 2020"
CITY OF SANTA MARIA,4,3778,3673,46,59,"September 17, 2020"
COMMUNITY OF ORCUTT,0,305,293,9,3,"September 17, 2020"
"UNINCORPORATED AREAS of Sisquoc, Casmalia, Garey,  Cuyama, New Cuyama, and the City of Guadalupe",0,385,371,9,5,"September 17, 2020"
Out of County,,,0,0,0,"September 17, 2020"
Pending,0,370,359,15,,"September 17, 2020"
Total**,19,8803,8522,172,109,"September 17, 2020"
"SOUTH COUNTY UNINCORPORATED AREA includes communities of Montecito, Summerland and the City of Carpinteria",0,187,179,1,7,"September 16, 2020"
CITY OF SANTA BARBARA and the unincorporated area of Mission Canyon,2,1179,1146,20,13,"September 16, 2020"
CITY OF GOLETA,3,245,232,9,4,"September 16, 2020"
COMMUNITY OF ISLA VISTA,7,200,179,20,1,"September 16, 2020"
UNINCORPORATED AREA OF THE GOLETA VALLEY AND GAVIOTA,3,192,180,11,1,"September 16, 2020"
"SANTA YNEZ VALLEY including the Cities of Solvang & Buellton, and the communities of Santa Ynez, Los Alamos, Los Olivos and Ballard",1,142,129,8,5,"September 16, 2020"
CITY OF LOMPOC and the communities of Mission Hills and Vandenberg Village,6,781,755,18,8,"September 16, 2020"
FEDERAL PRISON IN LOMPOC,0,1024,1021,0,3,"September 16, 2020"
CITY OF SANTA MARIA,10,3774,3662,53,59,"September 16, 2020"
COMMUNITY OF ORCUTT,7,305,290,12,3,"September 16, 2020"
"UNINCORPORATED AREAS of Sisquoc, Casmalia, Garey,  Cuyama, New Cuyama, and the City of Guadalupe",2,385,368,12,5,"September 16, 2020"
Out of County,,,0,0,0,"September 16, 2020"
Pending,3,371,356,15,,"September 16, 2020"
Total**,44,8785,8497,179,109,"September 16, 2020"
"SOUTH COUNTY UNINCORPORATED AREA includes communities of Montecito, Summerland and the City of Carpinteria",0,187,179,1,7,"September 15, 2020"
CITY OF SANTA BARBARA and the unincorporated area of Mission Canyon,2,1177,1146,19,12,"September 15, 2020"
CITY OF GOLETA,0,242,231,7,4,"September 15, 2020"
COMMUNITY OF ISLA VISTA,6,193,182,10,1,"September 15, 2020"
UNINCORPORATED AREA OF THE GOLETA VALLEY AND GAVIOTA,1,189,180,8,1,"September 15, 2020"
"SANTA YNEZ VALLEY including the Cities of Solvang & Buellton, and the communities of Santa Ynez, Los Alamos, Los Olivos and Ballard",0,141,130,7,4,"September 15, 2020"
CITY OF LOMPOC and the communities of Mission Hills and Vandenberg Village,0,775,749,18,8,"September 15, 2020"
FEDERAL PRISON IN LOMPOC,0,1024,1021,0,3,"September 15, 2020"
CITY OF SANTA MARIA,12,3764,3661,44,59,"September 15, 2020"
COMMUNITY OF ORCUTT,3,298,287,8,3,"September 15, 2020"
"UNINCORPORATED AREAS of Sisquoc, Casmalia, Garey,  Cuyama, New Cuyama, and the City of Guadalupe",1,383,367,11,5,"September 15, 2020"
Out of County,,,0,0,0,"September 15, 2020"
Pending,1,368,352,16,,"September 15, 2020"
Total**,26,8741,8485,149,107,"September 15, 2020"
"SOUTH COUNTY UNINCORPORATED AREA includes communities of Montecito, Summerland and the City of Carpinteria",0,186,179,1,7,"September 14, 2020"
CITY OF SANTA BARBARA and the unincorporated area of Mission Canyon,2,1167,1141,22,12,"September 14, 2020"
CITY OF GOLETA,3,240,229,9,4,"September 14, 2020"
COMMUNITY OF ISLA VISTA,3,186,171,15,1,"September 14, 2020"
UNINCORPORATED AREA OF THE GOLETA VALLEY AND GAVIOTA,0,187,179,8,1,"September 14, 2020"
"SANTA YNEZ VALLEY including the Cities of Solvang & Buellton, and the communities of Santa Ynez, Los Alamos, Los Olivos and Ballard",1,138,126,10,4,"September 14, 2020"
CITY OF LOMPOC and the communities of Mission Hills and Vandenberg Village,6,770,747,20,8,"September 14, 2020"
FEDERAL PRISON IN LOMPOC,0,1024,1021,0,3,"September 14, 2020"
CITY OF SANTA MARIA,0,3748,3654,40,58,"September 14, 2020"
COMMUNITY OF ORCUTT,2,293,286,6,3,"September 14, 2020"
"UNINCORPORATED AREAS of Sisquoc, Casmalia, Garey,  Cuyama, New Cuyama, and the City of Guadalupe",2,380,362,15,5,"September 14, 2020"
Out of County,,,0,0,0,"September 14, 2020"
Pending,4,399,355,16,,"September 14, 2020"
Total**,23,8718,8450,162,106,"September 14, 2020"
"SOUTH COUNTY UNINCORPORATED AREA includes communities of Montecito, Summerland and the City of Carpinteria",0,185,177,1,7,"September 11, 2020"
CITY OF SANTA BARBARA and the unincorporated area of Mission Canyon,12,1160,1122,26,12,"September 11, 2020"
CITY OF GOLETA,2,233,219,10,4,"September 11, 2020"
COMMUNITY OF ISLA VISTA,6,180,163,16,1,"September 11, 2020"
UNINCORPORATED AREA OF THE GOLETA VALLEY AND GAVIOTA,1,183,175,7,1,"September 11, 2020"
"SANTA YNEZ VALLEY including the Cities of Solvang & Buellton, and the communities of Santa Ynez, Los Alamos, Los Olivos and Ballard",2,131,121,8,4,"September 11, 2020"
CITY OF LOMPOC and the communities of Mission Hills and Vandenberg Village,3,753,727,18,8,"September 11, 2020"
FEDERAL PRISON IN LOMPOC,0,1024,1020,1,3,"September 11, 2020"
CITY OF SANTA MARIA,5,3715,3607,51,57,"September 11, 2020"
COMMUNITY OF ORCUTT,0,287,275,9,3,"September 11, 2020"
"UNINCORPORATED AREAS of Sisquoc, Casmalia, Garey,  Cuyama, New Cuyama, and the City of Guadalupe",0,368,358,5,5,"September 11, 2020"
Out of County,,,0,0,0,"September 11, 2020"
Pending,2,387,356,31,,"September 11, 2020"
Total**,30,8608,8320,183,105,"September 11, 2020"
"SOUTH COUNTY UNINCORPORATED AREA includes communities of Montecito, Summerland and the City of Carpinteria",0,185,174,4,7,"September 10, 2020"
CITY OF SANTA BARBARA and the unincorporated area of Mission Canyon,4,1148,1112,24,12,"September 10, 2020"
CITY OF GOLETA,2,231,219,8,4,"September 10, 2020"
COMMUNITY OF ISLA VISTA,6,178,163,14,1,"September 10, 2020"
UNINCORPORATED AREA OF THE GOLETA VALLEY AND GAVIOTA,1,182,174,7,1,"September 10, 2020"
"SANTA YNEZ VALLEY including the Cities of Solvang & Buellton, and the communities of Santa Ynez, Los Alamos, Los Olivos and Ballard",3,131,118,9,4,"September 10, 2020"
CITY OF LOMPOC and the communities of Mission Hills and Vandenberg Village,3,750,718,24,8,"September 10, 2020"
FEDERAL PRISON IN LOMPOC,0,1024,1020,1,3,"September 10, 2020"
CITY OF SANTA MARIA,5,3708,3590,63,55,"September 10, 2020"
COMMUNITY OF ORCUTT,2,287,274,10,3,"September 10, 2020"
"UNINCORPORATED AREAS of Sisquoc, Casmalia, Garey,  Cuyama, New Cuyama, and the City of Guadalupe",1,368,357,6,5,"September 10, 2020"
Out of County,,,0,0,0,"September 10, 2020"
Pending,3,387,355,32,,"September 10, 2020"
Total**,30,8579,8274,202,103,"September 10, 2020"
"SOUTH COUNTY UNINCORPORATED AREA includes communities of Montecito, Summerland and the City of Carpinteria",0,185,172,6,7,"September 9, 2020"
CITY OF SANTA BARBARA and the unincorporated area of Mission Canyon,5,1144,1106,26,12,"September 9, 2020"
CITY OF GOLETA,2,229,217,8,4,"September 9, 2020"
COMMUNITY OF ISLA VISTA,4,172,158,13,1,"September 9, 2020"
UNINCORPORATED AREA OF THE GOLETA VALLEY AND GAVIOTA,3,181,174,6,1,"September 9, 2020"
"SANTA YNEZ VALLEY including the Cities of Solvang & Buellton, and the communities of Santa Ynez, Los Alamos, Los Olivos and Ballard",2,128,119,7,2,"September 9, 2020"
CITY OF LOMPOC and the communities of Mission Hills and Vandenberg Village,5,748,704,36,8,"September 9, 2020"
FEDERAL PRISON IN LOMPOC,1,1024,1020,1,3,"September 9, 2020"
CITY OF SANTA MARIA,17,3702,3572,77,53,"September 9, 2020"
COMMUNITY OF ORCUTT,2,285,272,10,3,"September 9, 2020"
"UNINCORPORATED AREAS of Sisquoc, Casmalia, Garey,  Cuyama, New Cuyama, and the City of Guadalupe",2,367,356,6,5,"September 9, 2020"
Out of County,,,0,0,0,"September 9, 2020"
Pending,8,385,350,35,,"September 9, 2020"
Total**,51,8550,8220,231,99,"September 9, 2020"
"SOUTH COUNTY UNINCORPORATED AREA includes communities of Montecito, Summerland and the City of Carpinteria",0,185,172,6,7,"September 8, 2020"
CITY OF SANTA BARBARA and the unincorporated area of Mission Canyon,1,1139,1100,27,12,"September 8, 2020"
CITY OF GOLETA,0,227,215,8,4,"September 8, 2020"
COMMUNITY OF ISLA VISTA,0,168,153,14,1,"September 8, 2020"
UNINCORPORATED AREA OF THE GOLETA VALLEY AND GAVIOTA,0,178,174,3,1,"September 8, 2020"
"SANTA YNEZ VALLEY including the Cities of Solvang & Buellton, and the communities of Santa Ynez, Los Alamos, Los Olivos and Ballard",0,126,119,5,2,"September 8, 2020"
CITY OF LOMPOC and the communities of Mission Hills and Vandenberg Village,0,743,698,37,8,"September 8, 2020"
FEDERAL PRISON IN LOMPOC,0,1023,1020,0,3,"September 8, 2020"
CITY OF SANTA MARIA,0,3685,3564,70,51,"September 8, 2020"
COMMUNITY OF ORCUTT,0,283,271,9,3,"September 8, 2020"
"UNINCORPORATED AREAS of Sisquoc, Casmalia, Garey,  Cuyama, New Cuyama, and the City of Guadalupe",0,365,354,6,5,"September 8, 2020"
Out of County,,,0,0,0,"September 8, 2020"
Pending,2,377,346,31,,"September 8, 2020"
Total**,3,8499,8186,216,97,"September 8, 2020"
"SOUTH COUNTY UNINCORPORATED AREA includes communities of Montecito, Summerland and the City of Carpinteria",2,181,171,3,7,"September 4, 2020"
CITY OF SANTA BARBARA and the unincorporated area of Mission Canyon,3,1123,1081,30,12,"September 4, 2020"
CITY OF GOLETA,0,216,211,1,4,"September 4, 2020"
COMMUNITY OF ISLA VISTA,1,161,148,12,1,"September 4, 2020"
UNINCORPORATED AREA OF THE GOLETA VALLEY AND GAVIOTA,2,176,157,18,1,"September 4, 2020"
"SANTA YNEZ VALLEY including the Cities of Solvang & Buellton, and the communities of Santa Ynez, Los Alamos, Los Olivos and Ballard",1,122,115,5,2,"September 4, 2020"
CITY OF LOMPOC and the communities of Mission Hills and Vandenberg Village,23,723,677,38,8,"September 4, 2020"
FEDERAL PRISON IN LOMPOC,0,1023,1018,2,3,"September 4, 2020"
CITY OF SANTA MARIA,26,3651,3522,78,51,"September 4, 2020"
COMMUNITY OF ORCUTT,0,274,267,4,3,"September 4, 2020"
"UNINCORPORATED AREAS of Sisquoc, Casmalia, Garey,  Cuyama, New Cuyama, and the City of Guadalupe",1,360,346,9,5,"September 4, 2020"
Out of County,,,0,0,0,"September 4, 2020"
Pending,5,351,327,24,,"September 4, 2020"
Total**,64,8361,8040,224,97,"September 4, 2020"
"SOUTH COUNTY UNINCORPORATED AREA includes communities of Montecito, Summerland and the City of Carpinteria",0,179,171,1,7,"September 3, 2020"
CITY OF SANTA BARBARA and the unincorporated area of Mission Canyon,8,1122,1078,32,12,"September 3, 2020"
CITY OF GOLETA,0,217,211,2,4,"September 3, 2020"
COMMUNITY OF ISLA VISTA,7,160,147,12,1,"September 3, 2020"
UNINCORPORATED AREA OF THE GOLETA VALLEY AND GAVIOTA,1,174,155,18,1,"September 3, 2020"
"SANTA YNEZ VALLEY including the Cities of Solvang & Buellton, and the communities of Santa Ynez, Los Alamos, Los Olivos and Ballard",0,121,113,6,2,"September 3, 2020"
CITY OF LOMPOC and the communities of Mission Hills and Vandenberg Village,25,700,653,39,8,"September 3, 2020"
FEDERAL PRISON IN LOMPOC,1,1023,1017,3,3,"September 3, 2020"
CITY OF SANTA MARIA,21,3625,3506,68,51,"September 3, 2020"
COMMUNITY OF ORCUTT,2,274,265,6,3,"September 3, 2020"
"UNINCORPORATED AREAS of Sisquoc, Casmalia, Garey,  Cuyama, New Cuyama, and the City of Guadalupe",1,359,344,10,5,"September 3, 2020"
Out of County,,,0,0,0,"September 3, 2020"
Pending,5,346,324,22,,"September 3, 2020"
Total**,71,8300,7984,219,97,"September 3, 2020"
"SOUTH COUNTY UNINCORPORATED AREA includes communities of Montecito, Summerland and the City of Carpinteria",1,179,170,2,7,"September 2, 2020"
CITY OF SANTA BARBARA and the unincorporated area of Mission Canyon,16,1114,1072,30,12,"September 2, 2020"
CITY OF GOLETA,1,217,209,4,4,"September 2, 2020"
COMMUNITY OF ISLA VISTA,5,153,146,6,1,"September 2, 2020"
UNINCORPORATED AREA OF THE GOLETA VALLEY AND GAVIOTA,1,173,150,22,1,"September 2, 2020"
"SANTA YNEZ VALLEY including the Cities of Solvang & Buellton, and the communities of Santa Ynez, Los Alamos, Los Olivos and Ballard",2,121,110,9,2,"September 2, 2020"
CITY OF LOMPOC and the communities of Mission Hills and Vandenberg Village,14,675,632,35,8,"September 2, 2020"
FEDERAL PRISON IN LOMPOC,0,1022,1016,3,3,"September 2, 2020"
CITY OF SANTA MARIA,14,3604,3474,79,51,"September 2, 2020"
COMMUNITY OF ORCUTT,2,272,261,8,3,"September 2, 2020"
"UNINCORPORATED AREAS of Sisquoc, Casmalia, Garey,  Cuyama, New Cuyama, and the City of Guadalupe",2,358,337,16,5,"September 2, 2020"
Out of County,,,0,0,0,"September 2, 2020"
Pending,8,341,320,21,,"September 2, 2020"
Total**,66,8229,7897,235,97,"September 2, 2020"
"SOUTH COUNTY UNINCORPORATED AREA includes communities of Montecito, Summerland and the City of Carpinteria",0,178,168,4,6,"September 1, 2020"
CITY OF SANTA BARBARA and the unincorporated area of Mission Canyon,1,1093,1061,21,11,"September 1, 2020"
CITY OF GOLETA,0,212,205,3,4,"September 1, 2020"
COMMUNITY OF ISLA VISTA,0,146,141,4,1,"September 1, 2020"
UNINCORPORATED AREA OF THE GOLETA VALLEY AND GAVIOTA,0,171,148,22,1,"September 1, 2020"
"SANTA YNEZ VALLEY including the Cities of Solvang & Buellton, and the communities of Santa Ynez, Los Alamos, Los Olivos and Ballard",1,119,109,8,2,"September 1, 2020"
CITY OF LOMPOC and the communities of Mission Hills and Vandenberg Village,1,654,623,23,8,"September 1, 2020"
FEDERAL PRISON IN LOMPOC,3,1022,1016,3,3,"September 1, 2020"
CITY OF SANTA MARIA,11,3574,3442,81,51,"September 1, 2020"
COMMUNITY OF ORCUTT,1,269,259,7,3,"September 1, 2020"
"UNINCORPORATED AREAS of Sisquoc, Casmalia, Garey,  Cuyama, New Cuyama, and the City of Guadalupe",3,351,330,16,5,"September 1, 2020"
Out of County,,,0,0,0,"September 1, 2020"
Pending,2,375,358,17,,"September 1, 2020"
Total**,23,8164,7860,209,95,"September 1, 2020"
"SOUTH COUNTY UNINCORPORATED AREA includes communities of Montecito, Summerland and the City of Carpinteria",1,178,168,4,6,"August 31, 2020"
CITY OF SANTA BARBARA and the unincorporated area of Mission Canyon,6,1092,1054,27,11,"August 31, 2020"
CITY OF GOLETA,1,212,204,4,4,"August 31, 2020"
COMMUNITY OF ISLA VISTA,3,146,139,6,1,"August 31, 2020"
UNINCORPORATED AREA OF THE GOLETA VALLEY AND GAVIOTA,1,171,145,25,1,"August 31, 2020"
"SANTA YNEZ VALLEY including the Cities of Solvang & Buellton, and the communities of Santa Ynez, Los Alamos, Los Olivos and Ballard",1,118,108,8,2,"August 31, 2020"
CITY OF LOMPOC and the communities of Mission Hills and Vandenberg Village,11,653,617,28,8,"August 31, 2020"
FEDERAL PRISON IN LOMPOC,0,1019,1016,0,3,"August 31, 2020"
CITY OF SANTA MARIA,18,3564,3429,85,50,"August 31, 2020"
COMMUNITY OF ORCUTT,2,268,257,8,3,"August 31, 2020"
"UNINCORPORATED AREAS of Sisquoc, Casmalia, Garey,  Cuyama, New Cuyama, and the City of Guadalupe",1,349,331,114,4,"August 31, 2020"
Out of County,,,0,0,0,"August 31, 2020"
Pending,1,373,354,19,,"August 31, 2020"
Total**,46,8143,7822,228,93,"August 31, 2020"
"SOUTH COUNTY UNINCORPORATED AREA includes communities of Montecito, Summerland and the City of Carpinteria",1,176,166,4,6,"August 28, 2020"
CITY OF SANTA BARBARA and the unincorporated area of Mission Canyon,5,1077,1025,40,12,"August 28, 2020"
CITY OF GOLETA,2,207,198,6,3,"August 28, 2020"
COMMUNITY OF ISLA VISTA,1,142,137,4,1,"August 28, 2020"
UNINCORPORATED AREA OF THE GOLETA VALLEY AND GAVIOTA,4,155,141,13,1,"August 28, 2020"
"SANTA YNEZ VALLEY including the Cities of Solvang & Buellton, and the communities of Santa Ynez, Los Alamos, Los Olivos and Ballard",3,113,100,11,2,"August 28, 2020"
CITY OF LOMPOC and the communities of Mission Hills and Vandenberg Village,8,637,605,24,8,"August 28, 2020"
FEDERAL PRISON IN LOMPOC,0,1019,1016,0,3,"August 28, 2020"
CITY OF SANTA MARIA,32,3536,3385,103,48,"August 28, 2020"
COMMUNITY OF ORCUTT,5,260,249,7,4,"August 28, 2020"
"UNINCORPORATED AREAS of Sisquoc, Casmalia, Garey,  Cuyama, New Cuyama, and the City of Guadalupe",5,332,317,11,4,"August 28, 2020"
Out of County,,,0,0,0,"August 28, 2020"
Pending,1,360,337,23,,"August 28, 2020"
Total**,67,8014,7676,246,92,"August 28, 2020"
"SOUTH COUNTY UNINCORPORATED AREA includes communities of Montecito, Summerland and the City of Carpinteria",2,175,163,6,6,"August 27, 2020"
CITY OF SANTA BARBARA and the unincorporated area of Mission Canyon,3,1072,1023,37,12,"August 27, 2020"
CITY OF GOLETA,1,205,197,5,3,"August 27, 2020"
COMMUNITY OF ISLA VISTA,0,141,136,4,1,"August 27, 2020"
UNINCORPORATED AREA OF THE GOLETA VALLEY AND GAVIOTA,2,151,141,9,1,"August 27, 2020"
"SANTA YNEZ VALLEY including the Cities of Solvang & Buellton, and the communities of Santa Ynez, Los Alamos, Los Olivos and Ballard",2,110,94,14,2,"August 27, 2020"
CITY OF LOMPOC and the communities of Mission Hills and Vandenberg Village,4,629,602,19,8,"August 27, 2020"
FEDERAL PRISON IN LOMPOC,0,1019,1016,0,3,"August 27, 2020"
CITY OF SANTA MARIA,16,3508,3367,94,47,"August 27, 2020"
COMMUNITY OF ORCUTT,1,255,246,5,4,"August 27, 2020"
"UNINCORPORATED AREAS of Sisquoc, Casmalia, Garey,  Cuyama, New Cuyama, and the City of Guadalupe",0,327,315,8,4,"August 27, 2020"
Out of County,,,0,0,0,"August 27, 2020"
Pending,4,359,332,27,,"August 27, 2020"
Total**,35,7951,7632,228,91,"August 27, 2020"
"SOUTH COUNTY UNINCORPORATED AREA includes communities of Montecito, Summerland and the City of Carpinteria",0,173,162,5,6,"August 26, 2020"
CITY OF SANTA BARBARA and the unincorporated area of Mission Canyon,13,1069,1015,42,12,"August 26, 2020"
CITY OF GOLETA,1,204,195,6,3,"August 26, 2020"
COMMUNITY OF ISLA VISTA,1,141,132,8,1,"August 26, 2020"
UNINCORPORATED AREA OF THE GOLETA VALLEY AND GAVIOTA,3,149,140,8,1,"August 26, 2020"
"SANTA YNEZ VALLEY including the Cities of Solvang & Buellton, and the communities of Santa Ynez, Los Alamos, Los Olivos and Ballard",3,108,92,14,2,"August 26, 2020"
CITY OF LOMPOC and the communities of Mission Hills and Vandenberg Village,1,625,595,23,7,"August 26, 2020"
FEDERAL PRISON IN LOMPOC,0,1019,1016,0,3,"August 26, 2020"
CITY OF SANTA MARIA,17,3492,3353,92,47,"August 26, 2020"
COMMUNITY OF ORCUTT,0,254,244,6,4,"August 26, 2020"
"UNINCORPORATED AREAS of Sisquoc, Casmalia, Garey,  Cuyama, New Cuyama, and the City of Guadalupe",4,327,315,8,4,"August 26, 2020"
Out of County,,,0,0,0,"August 26, 2020"
Pending,4,355,326,29,,"August 26, 2020"
Total**,47,7916,7585,241,90,"August 26, 2020"
"SOUTH COUNTY UNINCORPORATED AREA includes communities of Montecito, Summerland and the City of Carpinteria",1,173,162,5,6,"August 25, 2020"
CITY OF SANTA BARBARA and the unincorporated area of Mission Canyon,7,1056,1008,37,11,"August 25, 2020"
CITY OF GOLETA,1,203,192,8,3,"August 25, 2020"
COMMUNITY OF ISLA VISTA,0,140,131,8,1,"August 25, 2020"
UNINCORPORATED AREA OF THE GOLETA VALLEY AND GAVIOTA,1,146,140,5,1,"August 25, 2020"
"SANTA YNEZ VALLEY including the Cities of Solvang & Buellton, and the communities of Santa Ynez, Los Alamos, Los Olivos and Ballard",2,105,92,11,2,"August 25, 2020"
CITY OF LOMPOC and the communities of Mission Hills and Vandenberg Village,17,624,593,24,7,"August 25, 2020"
FEDERAL PRISON IN LOMPOC,0,1019,1016,0,3,"August 25, 2020"
CITY OF SANTA MARIA,34,3475,3335,93,47,"August 25, 2020"
COMMUNITY OF ORCUTT,2,254,243,7,4,"August 25, 2020"
"UNINCORPORATED AREAS of Sisquoc, Casmalia, Garey,  Cuyama, New Cuyama, and the City of Guadalupe",1,323,313,6,4,"August 25, 2020"
Out of County,,,0,0,0,"August 25, 2020"
Pending,4,351,326,25,,"August 25, 2020"
Total**,70,7869,7551,229,89,"August 25, 2020"
"SOUTH COUNTY UNINCORPORATED AREA includes communities of Montecito, Summerland and the City of Carpinteria",1,173,162,5,6,"August 25, 2020"
CITY OF SANTA BARBARA and the unincorporated area of Mission Canyon,7,1056,1008,37,11,"August 25, 2020"
CITY OF GOLETA,1,203,192,8,3,"August 25, 2020"
COMMUNITY OF ISLA VISTA,0,140,131,8,1,"August 25, 2020"
UNINCORPORATED AREA OF THE GOLETA VALLEY AND GAVIOTA,1,146,140,5,1,"August 25, 2020"
"SANTA YNEZ VALLEY including the Cities of Solvang & Buellton, and the communities of Santa Ynez, Los Alamos, Los Olivos and Ballard",2,105,92,11,2,"August 25, 2020"
CITY OF LOMPOC and the communities of Mission Hills and Vandenberg Village,17,624,593,24,7,"August 25, 2020"
FEDERAL PRISON IN LOMPOC,0,1019,1016,0,3,"August 25, 2020"
CITY OF SANTA MARIA,34,3475,3335,93,47,"August 25, 2020"
COMMUNITY OF ORCUTT,2,254,243,7,4,"August 25, 2020"
"UNINCORPORATED AREAS of Sisquoc, Casmalia, Garey,  Cuyama, New Cuyama, and the City of Guadalupe",1,323,313,6,4,"August 25, 2020"
Out of County,,,0,0,0,"August 25, 2020"
Pending,4,351,326,25,,"August 25, 2020"
Total**,70,7869,7551,229,89,"August 25, 2020"
"SOUTH COUNTY UNINCORPORATED AREA includes communities of Montecito, Summerland and the City of Carpinteria",1,172,162,4,6,"August 24, 2020"
CITY OF SANTA BARBARA and the unincorporated area of Mission Canyon,12,1049,996,42,11,"August 24, 2020"
CITY OF GOLETA,2,202,189,10,3,"August 24, 2020"
COMMUNITY OF ISLA VISTA,1,141,130,10,1,"August 24, 2020"
UNINCORPORATED AREA OF THE GOLETA VALLEY AND GAVIOTA,4,145,136,8,1,"August 24, 2020"
"SANTA YNEZ VALLEY including the Cities of Solvang & Buellton, and the communities of Santa Ynez, Los Alamos, Los Olivos and Ballard",2,103,88,13,2,"August 24, 2020"
CITY OF LOMPOC and the communities of Mission Hills and Vandenberg Village,5,607,577,23,7,"August 24, 2020"
FEDERAL PRISON IN LOMPOC,0,1019,1016,0,3,"August 24, 2020"
CITY OF SANTA MARIA,27,3441,3307,87,47,"August 24, 2020"
COMMUNITY OF ORCUTT,1,252,242,6,4,"August 24, 2020"
"UNINCORPORATED AREAS of Sisquoc, Casmalia, Garey,  Cuyama, New Cuyama, and the City of Guadalupe",0,322,312,7,3,"August 24, 2020"
Out of County,,,0,0,0,"August 24, 2020"
Pending,6,347,324,23,,"August 24, 2020"
Total**,61,7800,7479,233,88,"August 24, 2020"
"SOUTH COUNTY UNINCORPORATED AREA includes communities of Montecito, Summerland and the City of Carpinteria",1,169,162,1,6,"August 21, 2020"
CITY OF SANTA BARBARA and the unincorporated area of Mission Canyon,12,1015,972,33,10,"August 21, 2020"
CITY OF GOLETA,7,199,183,13,3,"August 21, 2020"
COMMUNITY OF ISLA VISTA,4,135,124,10,1,"August 21, 2020"
UNINCORPORATED AREA OF THE GOLETA VALLEY AND GAVIOTA,0,139,127,11,1,"August 21, 2020"
"SANTA YNEZ VALLEY including the Cities of Solvang & Buellton, and the communities of Santa Ynez, Los Alamos, Los Olivos and Ballard",6,97,85,10,2,"August 21, 2020"
CITY OF LOMPOC and the communities of Mission Hills and Vandenberg Village,6,590,557,26,7,"August 21, 2020"
FEDERAL PRISON IN LOMPOC,0,1019,1016,0,3,"August 21, 2020"
CITY OF SANTA MARIA,25,3387,3257,83,47,"August 21, 2020"
COMMUNITY OF ORCUTT,4,247,232,11,4,"August 21, 2020"
"UNINCORPORATED AREAS of Sisquoc, Casmalia, Garey,  Cuyama, New Cuyama, and the City of Guadalupe",6,322,299,20,3,"August 21, 2020"
Out of County,,,0,0,0,"August 21, 2020"
Pending,10,334,298,36,,"August 21, 2020"
Total**,81,7653,7312,254,87,"August 21, 2020"
"SOUTH COUNTY UNINCORPORATED AREA includes communities of Montecito, Summerland and the City of Carpinteria",1,169,161,2,6,"August 20, 2020"
CITY OF SANTA BARBARA and the unincorporated area of Mission Canyon,13,1003,962,31,10,"August 20, 2020"
CITY OF GOLETA,4,193,182,8,3,"August 20, 2020"
COMMUNITY OF ISLA VISTA,2,131,114,16,1,"August 20, 2020"
UNINCORPORATED AREA OF THE GOLETA VALLEY AND GAVIOTA,0,139,127,11,1,"August 20, 2020"
"SANTA YNEZ VALLEY including the Cities of Solvang & Buellton, and the communities of Santa Ynez, Los Alamos, Los Olivos and Ballard",4,91,84,5,2,"August 20, 2020"
CITY OF LOMPOC and the communities of Mission Hills and Vandenberg Village,6,585,553,25,7,"August 20, 2020"
FEDERAL PRISON IN LOMPOC,0,1019,1016,0,3,"August 20, 2020"
CITY OF SANTA MARIA,30,3364,3251,69,44,"August 20, 2020"
COMMUNITY OF ORCUTT,1,244,231,9,4,"August 20, 2020"
"UNINCORPORATED AREAS of Sisquoc, Casmalia, Garey,  Cuyama, New Cuyama, and the City of Guadalupe",3,316,297,16,3,"August 20, 2020"
Out of County,,,0,0,0,"August 20, 2020"
Pending,7 ,324,291,33,,"August 20, 2020"
Total**,71,7578,7269,225,84,"August 20, 2020"
"SOUTH COUNTY UNINCORPORATED AREA includes communities of Montecito, Summerland and the City of Carpinteria",0,168,161,1,6,"August 19, 2020"
CITY OF SANTA BARBARA and the unincorporated area of Mission Canyon,4,991,954,27,10,"August 19, 2020"
CITY OF GOLETA,2,189,180,6,3,"August 19, 2020"
COMMUNITY OF ISLA VISTA,1,128,108,20,0,"August 19, 2020"
UNINCORPORATED AREA OF THE GOLETA VALLEY AND GAVIOTA,2,139,126,12,1,"August 19, 2020"
"SANTA YNEZ VALLEY including the Cities of Solvang & Buellton, and the communities of Santa Ynez, Los Alamos, Los Olivos and Ballard",0,87,84,1,2,"August 19, 2020"
CITY OF LOMPOC and the communities of Mission Hills and Vandenberg Village,2,579,544,28,7,"August 19, 2020"
FEDERAL PRISON IN LOMPOC,0,1019,1016,0,3,"August 19, 2020"
CITY OF SANTA MARIA,9,3334,3212,79,43,"August 19, 2020"
COMMUNITY OF ORCUTT,3,243,231,8,4,"August 19, 2020"
"UNINCORPORATED AREAS of Sisquoc, Casmalia, Garey,  Cuyama, New Cuyama, and the City of Guadalupe",2,313,296,14,3,"August 19, 2020"
Out of County,,,0,0,0,"August 19, 2020"
Pending,2,318,284,34,,"August 19, 2020"
Total**,27,7508,7196,230,82,"August 19, 2020"
"SOUTH COUNTY UNINCORPORATED AREA includes communities of Montecito, Summerland and the City of Carpinteria",0,168,160,2,6,"August 18, 2020"
CITY OF SANTA BARBARA and the unincorporated area of Mission Canyon,6,985,944,31,10,"August 18, 2020"
CITY OF GOLETA,2,187,177,7,3,"August 18, 2020"
COMMUNITY OF ISLA VISTA,0,127,105,22,0,"August 18, 2020"
UNINCORPORATED AREA OF THE GOLETA VALLEY AND GAVIOTA,6,137,126,10,1,"August 18, 2020"
"SANTA YNEZ VALLEY including the Cities of Solvang & Buellton, and the communities of Santa Ynez, Los Alamos, Los Olivos and Ballard",0,87,83,2,2,"August 18, 2020"
CITY OF LOMPOC and the communities of Mission Hills and Vandenberg Village,2,576,539,30,7,"August 18, 2020"
FEDERAL PRISON IN LOMPOC,0,1019,1016,0,3,"August 18, 2020"
CITY OF SANTA MARIA,2,3324,3191,91,42,"August 18, 2020"
COMMUNITY OF ORCUTT,0,240,230,6,4,"August 18, 2020"
"UNINCORPORATED AREAS of Sisquoc, Casmalia, Garey,  Cuyama, New Cuyama, and the City of Guadalupe",0,311,290,18,3,"August 18, 2020"
Out of County,,,0,0,0,"August 18, 2020"
Pending,11,320,283,37,,"August 18, 2020"
Total**,29,7481,7144,256,81,"August 18, 2020"
"SOUTH COUNTY UNINCORPORATED AREA includes communities of Montecito, Summerland and the City of Carpinteria",1,168,160,2,6,"August 17, 2020"
CITY OF SANTA BARBARA and the unincorporated area of Mission Canyon,7,980,936,35,9,"August 17, 2020"
CITY OF GOLETA,3,185,174,8,3,"August 17, 2020"
COMMUNITY OF ISLA VISTA,1,127,103,24,0,"August 17, 2020"
UNINCORPORATED AREA OF THE GOLETA VALLEY AND GAVIOTA,1,131,126,4,1,"August 17, 2020"
"SANTA YNEZ VALLEY including the Cities of Solvang & Buellton, and the communities of Santa Ynez, Los Alamos, Los Olivos and Ballard",0,87,80,5,2,"August 17, 2020"
CITY OF LOMPOC and the communities of Mission Hills and Vandenberg Village,10,574,531,36,7,"August 17, 2020"
FEDERAL PRISON IN LOMPOC,0,1019,1016,0,3,"August 17, 2020"
CITY OF SANTA MARIA,34,3323,3173,108,42,"August 17, 2020"
COMMUNITY OF ORCUTT,3,240,230,6,4,"August 17, 2020"
"UNINCORPORATED AREAS of Sisquoc, Casmalia, Garey,  Cuyama, New Cuyama, and the City of Guadalupe",9,311,291,17,3,"August 17, 2020"
Out of County,,,0,0,0,"August 17, 2020"
Pending,7,309,276,33,,"August 17, 2020"
Total**,76,7454,7096,278,80,"August 17, 2020"
"SOUTH COUNTY UNINCORPORATED AREA includes communities of Montecito, Summerland and the City of Carpinteria",1,167,157,4,6,"August 14, 2020"
CITY OF SANTA BARBARA and the unincorporated area of Mission Canyon,13,956,905,43,8,"August 14, 2020"
CITY OF GOLETA,4,174,164,7,3,"August 14, 2020"
COMMUNITY OF ISLA VISTA,12,116,92,24,0,"August 14, 2020"
UNINCORPORATED AREA OF THE GOLETA VALLEY AND GAVIOTA,2,127,120,6,1,"August 14, 2020"
"SANTA YNEZ VALLEY including the Cities of Solvang & Buellton, and the communities of Santa Ynez, Los Alamos, Los Olivos and Ballard",1,86,77,7,2,"August 14, 2020"
CITY OF LOMPOC and the communities of Mission Hills and Vandenberg Village,12,554,519,28,7,"August 14, 2020"
FEDERAL PRISON IN LOMPOC,0,1019,1016,0,3,"August 14, 2020"
CITY OF SANTA MARIA,60,3252,3091,121,40,"August 14, 2020"
COMMUNITY OF ORCUTT,3,233,223,6,4,"August 14, 2020"
"UNINCORPORATED AREAS of Sisquoc, Casmalia, Garey,  Cuyama, New Cuyama, and the City of Guadalupe",6,292,278,11,3,"August 14, 2020"
Out of County,,,0,0,0,"August 14, 2020"
Pending,23,298,265,33,,"August 14, 2020"
Total**,137,7274,6907,290,77,"August 14, 2020"
"SOUTH COUNTY UNINCORPORATED AREA includes communities of Montecito, Summerland and the City of Carpinteria",0,165,156,3,6,"August 13, 2020"
CITY OF SANTA BARBARA and the unincorporated area of Mission Canyon,14,942,898,37,7,"August 13, 2020"
CITY OF GOLETA,3,172,164,5,3,"August 13, 2020"
COMMUNITY OF ISLA VISTA,9,103,86,17,0,"August 13, 2020"
UNINCORPORATED AREA OF THE GOLETA VALLEY AND GAVIOTA,0,125,119,5,1,"August 13, 2020"
"SANTA YNEZ VALLEY including the Cities of Solvang & Buellton, and the communities of Santa Ynez, Los Alamos, Los Olivos and Ballard",4,85,75,8,2,"August 13, 2020"
CITY OF LOMPOC and the communities of Mission Hills and Vandenberg Village,7,542,517,18,7,"August 13, 2020"
FEDERAL PRISON IN LOMPOC,0,1019,1016,0,3,"August 13, 2020"
CITY OF SANTA MARIA,28,3199,3073,86,40,"August 13, 2020"
COMMUNITY OF ORCUTT,2,229,219,7,3,"August 13, 2020"
"UNINCORPORATED AREAS of Sisquoc, Casmalia, Garey,  Cuyama, New Cuyama, and the City of Guadalupe",2,287,277,7,3,"August 13, 2020"
Out of County,,,0,0,0,"August 13, 2020"
Pending,6,280,266,14,,"August 13, 2020"
Total**,75,7148,6866,207,75,"August 13, 2020"
"SOUTH COUNTY UNINCORPORATED AREA includes communities of Montecito, Summerland and the City of Carpinteria",0,166,153,7,6,"August 12, 2020"
CITY OF SANTA BARBARA and the unincorporated area of Mission Canyon,2,929,884,38,7,"August 12, 2020"
CITY OF GOLETA,0,169,159,7,3,"August 12, 2020"
COMMUNITY OF ISLA VISTA,1,97,83,14,0,"August 12, 2020"
UNINCORPORATED AREA OF THE GOLETA VALLEY AND GAVIOTA,0,125,116,8,1,"August 12, 2020"
"SANTA YNEZ VALLEY including the Cities of Solvang & Buellton, and the communities of Santa Ynez, Los Alamos, Los Olivos and Ballard",1,81,74,5,2,"August 12, 2020"
CITY OF LOMPOC and the communities of Mission Hills and Vandenberg Village,3,536,506,23,7,"August 12, 2020"
FEDERAL PRISON IN LOMPOC,0,1019,1016,0,3,"August 12, 2020"
CITY OF SANTA MARIA,2,3175,3030,106,39,"August 12, 2020"
COMMUNITY OF ORCUTT,1,227,214,10,3,"August 12, 2020"
"UNINCORPORATED AREAS of Sisquoc, Casmalia, Garey,  Cuyama, New Cuyama, and the City of Guadalupe",2,285,271,12,2,"August 12, 2020"
Out of County,,,0,0,0,"August 12, 2020"
Pending,4,274,255,19,,"August 12, 2020"
Total**,16*,7083,6761,249,73,"August 12, 2020"
"SOUTH COUNTY UNINCORPORATED AREA includes communities of Montecito, Summerland and the City of Carpinteria",0,168,156,2,5,"August 11, 2020"
CITY OF SANTA BARBARA and the unincorporated area of Mission Canyon,13,928,867,54,7,"August 11, 2020"
CITY OF GOLETA,1,170,153,14,3,"August 11, 2020"
COMMUNITY OF ISLA VISTA,2,96,76,20,0,"August 11, 2020"
UNINCORPORATED AREA OF THE GOLETA VALLEY AND GAVIOTA,2,125,115,9,1,"August 11, 2020"
"SANTA YNEZ VALLEY including the Cities of Solvang & Buellton, and the communities of Santa Ynez, Los Alamos, Los Olivos and Ballard",0,80,74,4,2,"August 11, 2020"
CITY OF LOMPOC and the communities of Mission Hills and Vandenberg Village,5,533,496,30,7,"August 11, 2020"
FEDERAL PRISON IN LOMPOC,0,1019,1016,0,3,"August 11, 2020"
CITY OF SANTA MARIA,45,3176,3013,123,40,"August 11, 2020"
COMMUNITY OF ORCUTT,3,226,209,14,3,"August 11, 2020"
"UNINCORPORATED AREAS of Sisquoc, Casmalia, Garey,  Cuyama, New Cuyama, and the City of Guadalupe",4,283,268,13,2,"August 11, 2020"
Out of County,,,0,0,0,"August 11, 2020"
Pending,3,270,248,22,,"August 11, 2020"
Total**,78,7074,6691,310,73,"August 11, 2020"
"SOUTH COUNTY UNINCORPORATED AREA includes communities of Montecito, Summerland and the City of Carpinteria",6,167,154,9,5,"August 10, 2020"
CITY OF SANTA BARBARA and the unincorporated area of Mission Canyon,30,915,860,49,6,"August 10, 2020"
CITY OF GOLETA,13,169,150,16,3,"August 10, 2020"
COMMUNITY OF ISLA VISTA,14,94,69,25,0,"August 10, 2020"
UNINCORPORATED AREA OF THE GOLETA VALLEY AND GAVIOTA,5,123,115,7,1,"August 10, 2020"
"SANTA YNEZ VALLEY including the Cities of Solvang & Buellton, and the communities of Santa Ynez, Los Alamos, Los Olivos and Ballard",2,80,74,4,2,"August 10, 2020"
CITY OF LOMPOC and the communities of Mission Hills and Vandenberg Village,20,528,489,32,7,"August 10, 2020"
FEDERAL PRISON IN LOMPOC,0,1019,1016,0,3,"August 10, 2020"
CITY OF SANTA MARIA,69,3129,2973,116,40,"August 10, 2020"
COMMUNITY OF ORCUTT,6,223,209,11,3,"August 10, 2020"
"UNINCORPORATED AREAS of Sisquoc, Casmalia, Garey,  Cuyama, New Cuyama, and the City of Guadalupe",6,279,263,14,2,"August 10, 2020"
Out of County,,,0,0,0,"August 10, 2020"
Pending,16,270,246,23,,"August 10, 2020"
Total**,187,6996,6618,306,72,"August 10, 2020"
"SOUTH COUNTY UNINCORPORATED AREA includes communities of Montecito, Summerland and the City of Carpinteria",2,156,148,5,4,"August 7, 2020"
CITY OF SANTA BARBARA and the unincorporated area of Mission Canyon,5,876,833,37,6,"August 7, 2020"
CITY OF GOLETA,1,155,147,5,3,"August 7, 2020"
COMMUNITY OF ISLA VISTA,5,74,54,20,0,"August 7, 2020"
UNINCORPORATED AREA OF THE GOLETA VALLEY AND GAVIOTA,1,116,114,1,1,"August 7, 2020"
"SANTA YNEZ VALLEY including the Cities of Solvang & Buellton, and the communities of Santa Ynez, Los Alamos, Los Olivos and Ballard",1,75,72,1,2,"August 7, 2020"
CITY OF LOMPOC and the communities of Mission Hills and Vandenberg Village,8,499,466,26,7,"August 7, 2020"
FEDERAL PRISON IN LOMPOC,0,1019,1016,0,3,"August 7, 2020"
CITY OF SANTA MARIA,26,3012,2901,73,37,"August 7, 2020"
COMMUNITY OF ORCUTT,2,214,208,3,3,"August 7, 2020"
"UNINCORPORATED AREAS of Sisquoc, Casmalia, Garey,  Cuyama, New Cuyama, and the City of Guadalupe",2,269,261,6,2,"August 7, 2020"
Out of County,,,0,0,1,"August 7, 2020"
Pending,5,239,217,21,,"August 7, 2020"
Total**,58,6704,6437,198,69,"August 7, 2020"
"SOUTH COUNTY UNINCORPORATED AREA includes communities of Montecito, Summerland and the City of Carpinteria",2,154,147,4,4,"August 6, 2020"
CITY OF SANTA BARBARA and the unincorporated area of Mission Canyon,6,871,825,40,6,"August 6, 2020"
CITY OF GOLETA,3,154,145,6,3,"August 6, 2020"
COMMUNITY OF ISLA VISTA,13,69,52,17,0,"August 6, 2020"
UNINCORPORATED AREA OF THE GOLETA VALLEY AND GAVIOTA,1,115,113,1,1,"August 6, 2020"
"SANTA YNEZ VALLEY including the Cities of Solvang & Buellton, and the communities of Santa Ynez, Los Alamos, Los Olivos and Ballard",0,74,72,0,2,"August 6, 2020"
CITY OF LOMPOC and the communities of Mission Hills and Vandenberg Village,5,491,460,24,7,"August 6, 2020"
FEDERAL PRISON IN LOMPOC,0,1019,1016,0,3,"August 6, 2020"
CITY OF SANTA MARIA,35,2990,2875,78,36,"August 6, 2020"
COMMUNITY OF ORCUTT,3,213,205,5,3,"August 6, 2020"
"UNINCORPORATED AREAS of Sisquoc, Casmalia, Garey,  Cuyama, New Cuyama, and the City of Guadalupe",1,267,260,5,2,"August 6, 2020"
Out of County,,,0,0,1,"August 6, 2020"
Pending,8,235,209,25,,"August 6, 2020"
Total**,77,6652,6379,205,68,"August 6, 2020"
"SOUTH COUNTY UNINCORPORATED AREA includes communities of Montecito, Summerland and the City of Carpinteria",1,153,145,5,4,"August 5, 2020"
CITY OF SANTA BARBARA and the unincorporated area of Mission Canyon,17,866,813,48,5,"August 5, 2020"
CITY OF GOLETA,4,151,142,6,3,"August 5, 2020"
COMMUNITY OF ISLA VISTA,1,56,46,10,0,"August 5, 2020"
UNINCORPORATED AREA OF THE GOLETA VALLEY AND GAVIOTA,2,114,111,2,1,"August 5, 2020"
"SANTA YNEZ VALLEY including the Cities of Solvang & Buellton, and the communities of Santa Ynez, Los Alamos, Los Olivos and Ballard",0,74,72,0,2,"August 5, 2020"
CITY OF LOMPOC and the communities of Mission Hills and Vandenberg Village,6,486,456,23,7,"August 5, 2020"
FEDERAL PRISON IN LOMPOC,0,1019,1016,0,3,"August 5, 2020"
CITY OF SANTA MARIA,19,2960,2826,97,36,"August 5, 2020"
COMMUNITY OF ORCUTT,2,210,203,4,3,"August 5, 2020"
"UNINCORPORATED AREAS of Sisquoc, Casmalia, Garey,  Cuyama, New Cuyama, and the City of Guadalupe",2,266,260,4,2,"August 5, 2020"
Out of County,,,0,0,1,"August 5, 2020"
Pending,6,231,205,25,,"August 5, 2020"
Total**,60,6586,6295,224,67,"August 5, 2020"
"SOUTH COUNTY UNINCORPORATED AREA includes communities of Montecito, Summerland and the City of Carpinteria",4,152,145,5,2,"August 4, 2020"
CITY OF SANTA BARBARA and the unincorporated area of Mission Canyon,29,849,797,47,5,"August 4, 2020"
CITY OF GOLETA,3,147,138,6,3,"August 4, 2020"
COMMUNITY OF ISLA VISTA,2,55,45,10,0,"August 4, 2020"
UNINCORPORATED AREA OF THE GOLETA VALLEY AND GAVIOTA,4,112,109,2,1,"August 4, 2020"
"SANTA YNEZ VALLEY including the Cities of Solvang & Buellton, and the communities of Santa Ynez, Los Alamos, Los Olivos and Ballard",0,74,71,1,2,"August 4, 2020"
CITY OF LOMPOC and the communities of Mission Hills and Vandenberg Village,1,480,450,23,7,"August 4, 2020"
FEDERAL PRISON IN LOMPOC,0,1019,1016,0,3,"August 4, 2020"
CITY OF SANTA MARIA,12,2941,2807,98,35,"August 4, 2020"
COMMUNITY OF ORCUTT,1,208,201,4,3,"August 4, 2020"
"UNINCORPORATED AREAS of Sisquoc, Casmalia, Garey,  Cuyama, New Cuyama, and the City of Guadalupe",0,264,255,7,2,"August 4, 2020"
Out of County,,,0,0,1,"August 4, 2020"
Pending,6,225,201,24,,"August 4, 2020"
Total**,62,6526,6235,227,64,"August 4, 2020"
"SOUTH COUNTY UNINCORPORATED AREA includes communities of Montecito, Summerland and the City of Carpinteria",1 ,148,139,7,2,"August 3, 2020"
CITY OF SANTA BARBARA and the unincorporated area of Mission Canyon,4,820,774,41,5,"August 3, 2020"
CITY OF GOLETA,0,144,135,6,3,"August 3, 2020"
COMMUNITY OF ISLA VISTA,0,53,45,8,0,"August 3, 2020"
UNINCORPORATED AREA OF THE GOLETA VALLEY AND GAVIOTA,0,108,105,2,1,"August 3, 2020"
"SANTA YNEZ VALLEY including the Cities of Solvang & Buellton, and the communities of Santa Ynez, Los Alamos, Los Olivos and Ballard",0,74,71,1,2,"August 3, 2020"
CITY OF LOMPOC and the communities of Mission Hills and Vandenberg Village,2,479,448,25,6,"August 3, 2020"
FEDERAL PRISON IN LOMPOC,0,1019,1016,0,3,"August 3, 2020"
CITY OF SANTA MARIA,18,2929,2776,118,34,"August 3, 2020"
COMMUNITY OF ORCUTT,0,207,198,6,3,"August 3, 2020"
"UNINCORPORATED AREAS of Sisquoc, Casmalia, Garey,  Cuyama, New Cuyama, and the City of Guadalupe",2,264,254,9,1,"August 3, 2020"
Out of County,,,0,0,1,"August 3, 2020"
Pending,4,219,193,26,,"August 3, 2020"
Total**,31,6464,6154,249,61,"August 3, 2020"
"SOUTH COUNTY UNINCORPORATED AREA includes communities of Montecito, Summerland and the City of Carpinteria",4 ,142,123,17,1,"July 31, 2020"
CITY OF SANTA BARBARA and the unincorporated area of Mission Canyon,5,768,719,44,6,"July 31, 2020"
CITY OF GOLETA,1,138,127,8,3,"July 31, 2020"
COMMUNITY OF ISLA VISTA,0,45,42,3,0,"July 31, 2020"
UNINCORPORATED AREA OF THE GOLETA VALLEY AND GAVIOTA,3,105,99,5,1,"July 31, 2020"
"SANTA YNEZ VALLEY including the Cities of Solvang & Buellton, and the communities of Santa Ynez, Los Alamos, Los Olivos and Ballard",0,71,65,4,2,"July 31, 2020"
CITY OF LOMPOC and the communities of Mission Hills and Vandenberg Village,4,447,414,27,6,"July 31, 2020"
FEDERAL PRISON IN LOMPOC,0,1011,1008,0,3,"July 31, 2020"
CITY OF SANTA MARIA,47,2789,2658,97,334,"July 31, 2020"
COMMUNITY OF ORCUTT,1,197,187,7,2,"July 31, 2020"
"UNINCORPORATED AREAS of Sisquoc, Casmalia, Garey,  Cuyama, New Cuyama, and the City of Guadalupe",2,253,240,12,1,"July 31, 2020"
Out of County,,,0,0,1,"July 31, 2020"
Pending,7,201,176,25,,"July 31, 2020"
Total**,74,6167,5858,249,60,"July 31, 2020"
"SOUTH COUNTY UNINCORPORATED AREA includes communities of Montecito, Summerland and the City of Carpinteria",1 ,138,118,19,0,"July 30, 2020"
CITY OF SANTA BARBARA and the unincorporated area of Mission Canyon,9,763,713,48,3,"July 30, 2020"
CITY OF GOLETA,3,137,126,9,2,"July 30, 2020"
COMMUNITY OF ISLA VISTA,0,45,40,5,0,"July 30, 2020"
UNINCORPORATED AREA OF THE GOLETA VALLEY AND GAVIOTA,0,102,95,6,1,"July 30, 2020"
"SANTA YNEZ VALLEY including the Cities of Solvang & Buellton, and the communities of Santa Ynez, Los Alamos, Los Olivos and Ballard",4,71,67,4,0,"July 30, 2020"
CITY OF LOMPOC and the communities of Mission Hills and Vandenberg Village,11,442,414,24,4,"July 30, 2020"
FEDERAL PRISON IN LOMPOC,0,1011,1008,0,3,"July 30, 2020"
CITY OF SANTA MARIA,33,2742,2607,117,18,"July 30, 2020"
COMMUNITY OF ORCUTT,1,196,185,10,0,"July 30, 2020"
"UNINCORPORATED AREAS of Sisquoc, Casmalia, Garey,  Cuyama, New Cuyama, and the City of Guadalupe",1,251,237,14,0,"July 30, 2020"
Out of County,,,0,0,1,"July 30, 2020"
Pending,10,196,162,34,,"July 30, 2020"
Total**,73,6094,5772,290,32,"July 30, 2020"
"SOUTH COUNTY UNINCORPORATED AREA includes communities of Montecito, Summerland and the City of Carpinteria",12,137,114,22,0,"July 29, 2020"
CITY OF SANTA BARBARA and the unincorporated area of Mission Canyon,20,754,695,57,3,"July 29, 2020"
CITY OF GOLETA,3,134,125,7,2,"July 29, 2020"
COMMUNITY OF ISLA VISTA,4,45,39,6,0,"July 29, 2020"
UNINCORPORATED AREA OF THE GOLETA VALLEY AND GAVIOTA,3,102,95,6,1,"July 29, 2020"
"SANTA YNEZ VALLEY including the Cities of Solvang & Buellton, and the communities of Santa Ynez, Los Alamos, Los Olivos and Ballard",0,67,64,3,0,"July 29, 2020"
CITY OF LOMPOC and the communities of Mission Hills and Vandenberg Village,6,431,393,34,4,"July 29, 2020"
FEDERAL PRISON IN LOMPOC,0,1011,1008,0,3,"July 29, 2020"
CITY OF SANTA MARIA,30,2709,2533,158,18,"July 29, 2020"
COMMUNITY OF ORCUTT,3,195,183,11,0,"July 29, 2020"
"UNINCORPORATED AREAS of Sisquoc, Casmalia, Garey,  Cuyama, New Cuyama, and the City of Guadalupe",4,250,232,18,0,"July 29, 2020"
Out of County,,,0,0,1,"July 29, 2020"
Pending,6,186,159,27,,"July 29, 2020"
Total**,91,6021,5640,349,32,"July 29, 2020"
"SOUTH COUNTY UNINCORPORATED AREA includes communities of Montecito, Summerland and the City of Carpinteria",5,125,109,15,0,"July 28, 2020"
CITY OF SANTA BARBARA and the unincorporated area of Mission Canyon,22,734,688,44,3,"July 28, 2020"
CITY OF GOLETA,0,131,122,7,2,"July 28, 2020"
COMMUNITY OF ISLA VISTA,0,41,39,2,0,"July 28, 2020"
UNINCORPORATED AREA OF THE GOLETA VALLEY AND GAVIOTA,1,99,93,5,1,"July 28, 2020"
"SANTA YNEZ VALLEY including the Cities of Solvang & Buellton, and the communities of Santa Ynez, Los Alamos, Los Olivos and Ballard",0,67,63,4,0,"July 28, 2020"
CITY OF LOMPOC and the communities of Mission Hills and Vandenberg Village,9,425,386,35,4,"July 28, 2020"
FEDERAL PRISON IN LOMPOC,0,1011,1008,0,3,"July 28, 2020"
CITY OF SANTA MARIA,41,2677,2492,167,18,"July 28, 2020"
COMMUNITY OF ORCUTT,4,192,179,12,0,"July 28, 2020"
"UNINCORPORATED AREAS of Sisquoc, Casmalia, Garey,  Cuyama, New Cuyama, and the City of Guadalupe",7,246,228,18,0,"July 28, 2020"
Out of County,,,0,0,1,"July 28, 2020"
Pending,9,183,159,24,,"July 28, 2020"
Total**,98,5931,5566,333,32,"July 28, 2020"
"SOUTH COUNTY UNINCORPORATED AREA includes communities of Montecito, Summerland and the City of Carpinteria",5,120,106,13,0,"July 27, 2020"
CITY OF SANTA BARBARA and the unincorporated area of Mission Canyon,5,706,667,37,3,"July 27, 2020"
CITY OF GOLETA,1,131,121,8,2,"July 27, 2020"
COMMUNITY OF ISLA VISTA,1,41,39,2,0,"July 27, 2020"
UNINCORPORATED AREA OF THE GOLETA VALLEY AND GAVIOTA,1,97,91,5,1,"July 27, 2020"
"SANTA YNEZ VALLEY including the Cities of Solvang & Buellton, and the communities of Santa Ynez, Los Alamos, Los Olivos and Ballard",0,66,61,5,0,"July 27, 2020"
CITY OF LOMPOC and the communities of Mission Hills and Vandenberg Village,11,415,380,31,4,"July 27, 2020"
FEDERAL PRISON IN LOMPOC,0,1011,1008,0,3,"July 27, 2020"
CITY OF SANTA MARIA,38,2622,2441,164,18,"July 27, 2020"
COMMUNITY OF ORCUTT,1,187,179,7,0,"July 27, 2020"
"UNINCORPORATED AREAS of Sisquoc, Casmalia, Garey,  Cuyama, New Cuyama, and the City of Guadalupe",3,237,224,13,0,"July 27, 2020"
Out of County,,,0,0,1,"July 27, 2020"
Pending,11,203,179,23,,"July 27, 2020"
Total**,77,5836,5496,308,32,"July 27, 2020"
"SOUTH COUNTY UNINCORPORATED AREA includes communities of Montecito, Summerland and the City of Carpinteria",3,112,100,11,0,"July 24, 2020"
CITY OF SANTA BARBARA and the unincorporated area of Mission Canyon,12,667,618,47,3,"July 24, 2020"
CITY OF GOLETA,3,121,113,6,2,"July 24, 2020"
COMMUNITY OF ISLA VISTA,3,40,35,5,0,"July 24, 2020"
UNINCORPORATED AREA OF THE GOLETA VALLEY AND GAVIOTA,0,94,87,6,1,"July 24, 2020"
"SANTA YNEZ VALLEY including the Cities of Solvang & Buellton, and the communities of Santa Ynez, Los Alamos, Los Olivos and Ballard",2,63,56,7,0,"July 24, 2020"
CITY OF LOMPOC and the communities of Mission Hills and Vandenberg Village,12,382,339,39,4,"July 24, 2020"
FEDERAL PRISON IN LOMPOC,1,1011,1001,7,3,"July 24, 2020"
CITY OF SANTA MARIA,77,2496,2296,183,18,"July 24, 2020"
COMMUNITY OF ORCUTT,1,173,162,10,0,"July 24, 2020"
"UNINCORPORATED AREAS of Sisquoc, Casmalia, Garey,  Cuyama, New Cuyama, and the City of Guadalupe",7,229,214,15,0,"July 24, 2020"
Out of County,,,0,0,1,"July 24, 2020"
Pending,12,188,154,33,,"July 24, 2020"
Total*,133,5576,5175,369,32,"July 24, 2020"
"SOUTH COUNTY UNINCORPORATED AREA includes communities of Montecito, Summerland and the City of Carpinteria",5,109,94,14,0,"July 23, 2020"
CITY OF SANTA BARBARA and the unincorporated area of Mission Canyon,11,655,601,52,3,"July 23, 2020"
CITY OF GOLETA,0,118,101,15,2,"July 23, 2020"
COMMUNITY OF ISLA VISTA,2,37,34,3,0,"July 23, 2020"
UNINCORPORATED AREA OF THE GOLETA VALLEY AND GAVIOTA,3,95,87,7,1,"July 23, 2020"
"SANTA YNEZ VALLEY including the Cities of Solvang & Buellton, and the communities of Santa Ynez, Los Alamos, Los Olivos and Ballard",2,61,54,7,0,"July 23, 2020"
CITY OF LOMPOC and the communities of Mission Hills and Vandenberg Village,16,370,325,41,4,"July 23, 2020"
FEDERAL PRISON IN LOMPOC,0,1010,1002,5,3,"July 23, 2020"
CITY OF SANTA MARIA,93,2420,2235,168,18,"July 23, 2020"
COMMUNITY OF ORCUTT,9,172,160,11,0,"July 23, 2020"
"UNINCORPORATED AREAS of Sisquoc, Casmalia, Garey,  Cuyama, New Cuyama, and the City of Guadalupe",10,222,206,16,0,"July 23, 2020"
Out of County,,,0,0,1,"July 23, 2020"
Pending,11,175,152,22,,"July 23, 2020"
Total*,162,5444,5051,361,32,"July 23, 2020"
"SOUTH COUNTY UNINCORPORATED AREA includes communities of Montecito, Summerland and the City of Carpinteria",4,104,94,9,0,"July 22, 2020"
CITY OF SANTA BARBARA and the unincorporated area of Mission Canyon,32,644,605,37,3,"July 22, 2020"
CITY OF GOLETA,4,118,105,11,2,"July 22, 2020"
COMMUNITY OF ISLA VISTA,1,35,31,4,0,"July 22, 2020"
UNINCORPORATED AREA OF THE GOLETA VALLEY AND GAVIOTA,6,92,78,13,1,"July 22, 2020"
"SANTA YNEZ VALLEY including the Cities of Solvang & Buellton, and the communities of Santa Ynez, Los Alamos, Los Olivos and Ballard",1,59,51,8,0,"July 22, 2020"
CITY OF LOMPOC and the communities of Mission Hills and Vandenberg Village,21,354,308,42,4,"July 22, 2020"
FEDERAL PRISON IN LOMPOC,0,1010,999,8,3,"July 22, 2020"
CITY OF SANTA MARIA,63,2327,2143,167,18,"July 22, 2020"
COMMUNITY OF ORCUTT,6,163,150,12,0,"July 22, 2020"
"UNINCORPORATED AREAS of Sisquoc, Casmalia, Garey,  Cuyama, New Cuyama, and the City of Guadalupe",7,212,196,16,0,"July 22, 2020"
Out of County,,,0,0,1,"July 22, 2020"
Pending,15,164,140,23,,"July 22, 2020"
Total*,160,5282,4900,350,32,"July 22, 2020"
"SOUTH COUNTY UNINCORPORATED AREA includes communities of Montecito, Summerland and the City of Carpinteria",4,100,87,12,0,"July 21, 2020"
CITY OF SANTA BARBARA and the unincorporated area of Mission Canyon,19,611,573,36,3,"July 21, 2020"
CITY OF GOLETA,3,114,103,9,2,"July 21, 2020"
COMMUNITY OF ISLA VISTA,3,34,32,2,0,"July 21, 2020"
UNINCORPORATED AREA OF THE GOLETA VALLEY AND GAVIOTA,2,86,73,12,1,"July 21, 2020"
"SANTA YNEZ VALLEY including the Cities of Solvang & Buellton, and the communities of Santa Ynez, Los Alamos, Los Olivos and Ballard",4,58,51,7,0,"July 21, 2020"
CITY OF LOMPOC and the communities of Mission Hills and Vandenberg Village,12,333,296,33,4,"July 21, 2020"
FEDERAL PRISON IN LOMPOC,1,1010,1002,5,3,"July 21, 2020"
CITY OF SANTA MARIA,66,2265,2112,136,18,"July 21, 2020"
COMMUNITY OF ORCUTT,6,157,144,12,0,"July 21, 2020"
"UNINCORPORATED AREAS of Sisquoc, Casmalia, Garey,  Cuyama, New Cuyama, and the City of Guadalupe",7,205,185,20,0,"July 21, 2020"
Out of County,,,0,0,1,"July 21, 2020"
Pending,8,151,139,11,,"July 21, 2020"
Total*,135,5124,4797,295,32,"July 21, 2020"
"SOUTH COUNTY UNINCORPORATED AREA includes communities of Montecito, Summerland and the City of Carpinteria",1,96,83,12,0,"July 20, 2020"
CITY OF SANTA BARBARA and the unincorporated area of Mission Canyon,11,593,552,39,3,"July 20, 2020"
CITY OF GOLETA,5,111,100,9,2,"July 20, 2020"
COMMUNITY OF ISLA VISTA,0,31,31,0,0,"July 20, 2020"
UNINCORPORATED AREA OF THE GOLETA VALLEY AND GAVIOTA,2,84,77,6,1,"July 20, 2020"
"SANTA YNEZ VALLEY including the Cities of Solvang & Buellton, and the communities of Santa Ynez, Los Alamos, Los Olivos and Ballard",0,54,52,2,0,"July 20, 2020"
CITY OF LOMPOC and the communities of Mission Hills and Vandenberg Village,9,321,282,35,4,"July 20, 2020"
FEDERAL PRISON IN LOMPOC,2,1009,999,7,3,"July 20, 2020"
CITY OF SANTA MARIA,43,2199,2059,123,18,"July 20, 2020"
COMMUNITY OF ORCUTT,3,151,140,10,0,"July 20, 2020"
"UNINCORPORATED AREAS of Sisquoc, Casmalia, Garey,  Cuyama, New Cuyama, and the City of Guadalupe",2,199,184,15,0,"July 20, 2020"
Out of County,,,0,0,1,"July 20, 2020"
Pending,7,143,126,16,,"July 20, 2020"
Total*,85,4991,4685,274,32,"July 20, 2020"
"SOUTH COUNTY UNINCORPORATED AREA includes communities of Montecito, Summerland and the City of Carpinteria",3,88,81,6,0,"July 17, 2020"
CITY OF SANTA BARBARA and the unincorporated area of Mission Canyon,19,562,509,51,3,"July 17, 2020"
CITY OF GOLETA,4,101,89,10,2,"July 17, 2020"
COMMUNITY OF ISLA VISTA,0,29,28,1,0,"July 17, 2020"
UNINCORPORATED AREA OF THE GOLETA VALLEY AND GAVIOTA,3,77,71,5,1,"July 17, 2020"
"SANTA YNEZ VALLEY including the Cities of Solvang & Buellton, and the communities of Santa Ynez, Los Alamos, Los Olivos and Ballard",2,51,41,10,0,"July 17, 2020"
CITY OF LOMPOC and the communities of Mission Hills and Vandenberg Village,18,288,241,43,4,"July 17, 2020"
FEDERAL PRISON IN LOMPOC,6,1007,997,7,3,"July 17, 2020"
CITY OF SANTA MARIA,69,2099,1862,220,18,"July 17, 2020"
COMMUNITY OF ORCUTT,5,143,131,11,0,"July 17, 2020"
"UNINCORPORATED AREAS of Sisquoc, Casmalia, Garey,  Cuyama, New Cuyama, and the City of Guadalupe",5,185,173,12,0,"July 17, 2020"
Out of County,,,0,0,1,"July 17, 2020"
Pending,3,129,103,25,,"July 17, 2020"
Total*,137,4759,4326,401,32,"July 17, 2020"
"SOUTH COUNTY UNINCORPORATED AREA includes communities of Montecito, Summerland and the City of Carpinteria",4,85,80,4,0,"July 16, 2020"
CITY OF SANTA BARBARA and the unincorporated area of Mission Canyon,44,544,491,51,3,"July 16, 2020"
CITY OF GOLETA,5,98,89,7,2,"July 16, 2020"
COMMUNITY OF ISLA VISTA,1,29,27,2,0,"July 16, 2020"
UNINCORPORATED AREA OF THE GOLETA VALLEY AND GAVIOTA,5,74,66,7,1,"July 16, 2020"
"SANTA YNEZ VALLEY including the Cities of Solvang & Buellton, and the communities of Santa Ynez, Los Alamos, Los Olivos and Ballard",6,49,37,12,0,"July 16, 2020"
CITY OF LOMPOC and the communities of Mission Hills and Vandenberg Village,19,271,235,32,4,"July 16, 2020"
FEDERAL PRISON IN LOMPOC,1,1001,995,3,3,"July 16, 2020"
CITY OF SANTA MARIA,112,2036,1792,227,18,"July 16, 2020"
COMMUNITY OF ORCUTT,4,138,123,14,0,"July 16, 2020"
"UNINCORPORATED AREAS of Sisquoc, Casmalia, Garey,  Cuyama, New Cuyama, and the City of Guadalupe",8,180,163,17,0,"July 16, 2020"
Out of County,,,0,0,1,"July 16, 2020"
Pending,15,130,91,38,,"July 16, 2020"
Total*,224,4635,4189,414,32,"July 16, 2020"
"SOUTH COUNTY UNINCORPORATED AREA includes communities of Montecito, Summerland and the City of Carpinteria",2,81,76,4,0,"July 15, 2020"
CITY OF SANTA BARBARA and the unincorporated area of Mission Canyon,10,500,456,42,3,"July 15, 2020"
CITY OF GOLETA,2,93,85,6,2,"July 15, 2020"
COMMUNITY OF ISLA VISTA,0,28,26,2,0,"July 15, 2020"
UNINCORPORATED AREA OF THE GOLETA VALLEY AND GAVIOTA,0,69,60,8,1,"July 15, 2020"
"SANTA YNEZ VALLEY including the Cities of Solvang & Buellton, and the communities of Santa Ynez, Los Alamos, Los Olivos and Ballard",4,43,35,8,0,"July 15, 2020"
CITY OF LOMPOC and the communities of Mission Hills and Vandenberg Village,6,252,223,25,4,"July 15, 2020"
FEDERAL PRISON IN LOMPOC,2,1000,997,0,3,"July 15, 2020"
CITY OF SANTA MARIA,47,1924,1714,193,18,"July 15, 2020"
COMMUNITY OF ORCUTT,3,134,123,10,0,"July 15, 2020"
"UNINCORPORATED AREAS of Sisquoc, Casmalia, Garey,  Cuyama, New Cuyama, and the City of Guadalupe",1,172,157,15,0,"July 15, 2020"
Out of County,,,0,0,1,"July 15, 2020"
Pending,12,116,94,21,,"July 15, 2020"
Total*,89,3412,4046,334,32,"July 15, 2020"
"SOUTH COUNTY UNINCORPORATED AREA includes communities of Montecito, Summerland and the City of Carpinteria",2,79,75,3,0,"July 14, 2020"
CITY OF SANTA BARBARA and the unincorporated area of Mission Canyon,15,490,453,35,3,"July 14, 2020"
CITY OF GOLETA,5,90,78,10,2,"July 14, 2020"
COMMUNITY OF ISLA VISTA,0,28,28,0,0,"July 14, 2020"
UNINCORPORATED AREA OF THE GOLETA VALLEY AND GAVIOTA,1,69,61,7,1,"July 14, 2020"
"SANTA YNEZ VALLEY including the Cities of Solvang & Buellton, and the communities of Santa Ynez, Los Alamos, Los Olivos and Ballard",5,39,31,8,0,"July 14, 2020"
CITY OF LOMPOC and the communities of Mission Hills and Vandenberg Village,15,242,209,29,4,"July 14, 2020"
FEDERAL PRISON IN LOMPOC,0,998,995,1,3,"July 14, 2020"
CITY OF SANTA MARIA,113,1869,1632,220,18,"July 14, 2020"
COMMUNITY OF ORCUTT,8,131,118,12,0,"July 14, 2020"
"UNINCORPORATED AREAS of Sisquoc, Casmalia, Garey,  Cuyama, New Cuyama, and the City of Guadalupe",7,171,150,21,0,"July 14, 2020"
Out of County,,,0,0,,"July 14, 2020"
Pending,13,117,91,26,,"July 14, 2020"
Total*,184,4323,3921,371,31,"July 14, 2020"
"SOUTH COUNTY UNINCORPORATED AREA includes communities of Montecito, Summerland and the City of Carpinteria",1,77,69,7,0,"July 13, 2020"
CITY OF SANTA BARBARA and the unincorporated area of Mission Canyon,4,471,417,52,3,"July 13, 2020"
CITY OF GOLETA,1,85,71,12,2,"July 13, 2020"
COMMUNITY OF ISLA VISTA,1,28,24,4,0,"July 13, 2020"
UNINCORPORATED AREA OF THE GOLETA VALLEY AND GAVIOTA,2,68,61,6,1,"July 13, 2020"
"SANTA YNEZ VALLEY including the Cities of Solvang & Buellton, and the communities of Santa Ynez, Los Alamos, Los Olivos and Ballard",0,34,27,7,0,"July 13, 2020"
CITY OF LOMPOC and the communities of Mission Hills and Vandenberg Village,1,226,197,25,4,"July 13, 2020"
FEDERAL PRISON IN LOMPOC,0,998,994,1,3,"July 13, 2020"
CITY OF SANTA MARIA,38,1754,1570,167,18,"July 13, 2020"
COMMUNITY OF ORCUTT,2,123,108,14,0,"July 13, 2020"
"UNINCORPORATED AREAS of Sisquoc, Casmalia, Garey,  Cuyama, New Cuyama, and the City of Guadalupe",3,165,151,14,0,"July 13, 2020"
Out of County,,,0,0,,"July 13, 2020"
Pending,3,111,91,20,,"July 13, 2020"
Total*,56,4140,3780,329,31,"July 13, 2020"
"SOUTH COUNTY UNINCORPORATED AREA includes communities of Montecito, Summerland and the City of Carpinteria",1,73,65,7,0,"July 10, 2020"
CITY OF SANTA BARBARA and the unincorporated area of Mission Canyon,18,451,391,58,3,"July 10, 2020"
CITY OF GOLETA,0,82,67,13,2,"July 10, 2020"
COMMUNITY OF ISLA VISTA,1,27,21,6,0,"July 10, 2020"
UNINCORPORATED AREA OF THE GOLETA VALLEY AND GAVIOTA,2,61,53,7,1,"July 10, 2020"
"SANTA YNEZ VALLEY including the Cities of Solvang & Buellton, and the communities of Santa Ynez, Los Alamos, Los Olivos and Ballard",2,32,24,8,0,"July 10, 2020"
CITY OF LOMPOC and the communities of Mission Hills and Vandenberg Village,11,216,190,22,4,"July 10, 2020"
FEDERAL PRISON IN LOMPOC,0,998,994,1,3,"July 10, 2020"
CITY OF SANTA MARIA,31,1628,1439,172,18,"July 10, 2020"
COMMUNITY OF ORCUTT,2,113,102,10,0,"July 10, 2020"
"UNINCORPORATED AREAS of Sisquoc, Casmalia, Garey,  Cuyama, New Cuyama, and the City of Guadalupe",2,151,134,17,0,"July 10, 2020"
Out of County,,,0,0,,"July 10, 2020"
Pending,5,99,75,24,,"July 10, 2020"
Total*,75,3931,3555,345,31,"July 10, 2020"
"SOUTH COUNTY UNINCORPORATED AREA includes communities of Montecito, Summerland and the City of Carpinteria",0,72,60,11,0,"July 9, 2020"
CITY OF SANTA BARBARA and the unincorporated area of Mission Canyon,13,437,382,53,3,"July 9, 2020"
CITY OF GOLETA,3,82,68,12,2,"July 9, 2020"
COMMUNITY OF ISLA VISTA,0,26,23,3,0,"July 9, 2020"
UNINCORPORATED AREA OF THE GOLETA VALLEY AND GAVIOTA,1,59,52,6,1,"July 9, 2020"
"SANTA YNEZ VALLEY including the Cities of Solvang & Buellton, and the communities of Santa Ynez, Los Alamos, Los Olivos and Ballard",3,30,21,9,0,"July 9, 2020"
CITY OF LOMPOC and the communities of Mission Hills and Vandenberg Village,6,206,178,24,4,"July 9, 2020"
FEDERAL PRISON IN LOMPOC,0,998,994,1,3,"July 9, 2020"
CITY OF SANTA MARIA,33,1601,1397,189,16,"July 9, 2020"
COMMUNITY OF ORCUTT,0,111,95,15,0,"July 9, 2020"
"UNINCORPORATED AREAS of Sisquoc, Casmalia, Garey,  Cuyama, New Cuyama, and the City of Guadalupe",3,150,136,14,0,"July 9, 2020"
Out of County,,,0,0,,"July 9, 2020"
Pending,5,96,73,23,,"July 9, 2020"
Total*,67,3868,3479,360,29,"July 9, 2020"
"SOUTH COUNTY UNINCORPORATED AREA includes communities of Montecito, Summerland and the City of Carpinteria",2,72,57,14,0,"July 8, 2020"
CITY OF SANTA BARBARA and the unincorporated area of Mission Canyon,11,424,342,80,3,"July 8, 2020"
CITY OF GOLETA,4,79,67,10,2,"July 8, 2020"
COMMUNITY OF ISLA VISTA,0,26,20,6,0,"July 8, 2020"
UNINCORPORATED AREA OF THE GOLETA VALLEY AND GAVIOTA,1,58,46,11,1,"July 8, 2020"
"SANTA YNEZ VALLEY including the Cities of Solvang & Buellton, and the communities of Santa Ynez, Los Alamos, Los Olivos and Ballard",1,27,20,7,0,"July 8, 2020"
CITY OF LOMPOC and the communities of Mission Hills and Vandenberg Village,5,201,168,29,4,"July 8, 2020"
FEDERAL PRISON IN LOMPOC,0,984,981,0,3,"July 8, 2020"
CITY OF SANTA MARIA,73,1572,1331,226,16,"July 8, 2020"
COMMUNITY OF ORCUTT,4,111,93,17,0,"July 8, 2020"
"UNINCORPORATED AREAS of Sisquoc, Casmalia, Garey,  Cuyama, New Cuyama, and the City of Guadalupe",9,147,127,20,0,"July 8, 2020"
Out of County,,,0,0,,"July 8, 2020"
Pending,11,107,83,24,,"July 8, 2020"
Total*,121,3808,3335,444,29,"July 8, 2020"
