RACE/ETHNICITY,Daily,Community,Federal Prison in Lompoc,Total(Community & Prison),Date
Hispanic/Latino,132,9797,373,10170,"January 3, 2021"
White,35,2670,376,3046,"January 3, 2021"
Asian,2,319,51,370,"January 3, 2021"
Black/African American,2,124,147,271,"January 3, 2021"
American Indian/Native Alaskan,2,19,29,48,"January 3, 2021"
Native Hawaiian or Pacific Islander,0,13,2 ,15,"January 3, 2021"
Multiracial,0,202,1,203,"January 3, 2021"
Other,3,154,1,155,"January 3, 2021"
Unknown Ethnicity,37,1057,0,1057,"January 3, 2021"
"Unknown Race, Non-Hispanic",8,154,0,154,"January 3, 2021"
Missing,69,2682,59,2741,"January 3, 2021"
Suppressed/Inmate,0,,,,"January 3, 2021"
Total,290,17191,1039,18230,"January 3, 2021"
Hispanic/Latino,115,9665,373,10038,"January 2, 2021"
White,33,2635,376,3011,"January 2, 2021"
Asian,0,317,51,368,"January 2, 2021"
Black/African American,2,122,147,269,"January 2, 2021"
American Indian/Native Alaskan,0,17,29,46,"January 2, 2021"
Native Hawaiian or Pacific Islander,1,13,2 ,15,"January 2, 2021"
Multiracial,0,202,1,203,"January 2, 2021"
Other,2,151,1,152,"January 2, 2021"
Unknown Ethnicity,24,1020,0,1020,"January 2, 2021"
"Unknown Race, Non-Hispanic",7,146,0,146,"January 2, 2021"
Missing,42,2613,59,2672,"January 2, 2021"
Suppressed/Inmate,0,,,,"January 2, 2021"
Total,226,16901,1039,17940,"January 2, 2021"
Hispanic/Latino,140,9527,373,9900,"January 1, 2021"
White,63,2595,376,2971,"January 1, 2021"
Asian,4,315,51,366,"January 1, 2021"
Black/African American,1,120,147,267,"January 1, 2021"
American Indian/Native Alaskan,0,16,29,45,"January 1, 2021"
Native Hawaiian or Pacific Islander,0,12,2 ,14,"January 1, 2021"
Multiracial,0,196,1,197,"January 1, 2021"
Other,5,153,1,154,"January 1, 2021"
Unknown Ethnicity,40,1003,0,1003,"January 1, 2021"
"Unknown Race, Non-Hispanic",3,142,0,142,"January 1, 2021"
Missing,75,2601,59,2660,"January 1, 2021"
Suppressed/Inmate,0,,,,"January 1, 2021"
Total,331,16680,1039,17719,"January 1, 2021"
Hispanic/Latino,156,9382,373,9755,"December 31, 2020"
White,40,2531,376,2907,"December 31, 2020"
Asian,10,311,51,362,"December 31, 2020"
Black/African American,2,119,147,266,"December 31, 2020"
American Indian/Native Alaskan,0,16,29,45,"December 31, 2020"
Native Hawaiian or Pacific Islander,0,12,2 ,14,"December 31, 2020"
Multiracial,0,196,1,197,"December 31, 2020"
Other,5,148,1,149,"December 31, 2020"
Unknown Ethnicity,77,963,0,963,"December 31, 2020"
"Unknown Race, Non-Hispanic",5,140,0,140,"December 31, 2020"
Missing,101,2534,59,2593,"December 31, 2020"
Suppressed/Inmate,0,,,,"December 31, 2020"
Total,396,16352,1039,17391,"December 31, 2020"
Hispanic/Latino,129,9164,373,9537,"December 30, 2020"
White,31,2476,376,2852,"December 30, 2020"
Asian,7,302,51,353,"December 30, 2020"
Black/African American,1,117,147,264,"December 30, 2020"
American Indian/Native Alaskan,0,16,29,45,"December 30, 2020"
Native Hawaiian or Pacific Islander,0,12,2 ,14,"December 30, 2020"
Multiracial,0,193,1,194,"December 30, 2020"
Other,6,147,1,148,"December 30, 2020"
Unknown Ethnicity,29,901,0,901,"December 30, 2020"
"Unknown Race, Non-Hispanic",4,138,0,138,"December 30, 2020"
Missing,73,2503,59,2562,"December 30, 2020"
Suppressed/Inmate,0,,,,"December 30, 2020"
Total,280,15969,1039,17008,"December 30, 2020"
Hispanic/Latino,127,9035,373,9408,"December 29, 2020"
White,41,2445,376,2821,"December 29, 2020"
Asian,2,295,51,346,"December 29, 2020"
Black/African American,0,116,147,263,"December 29, 2020"
American Indian/Native Alaskan,0,16,29,45,"December 29, 2020"
Native Hawaiian or Pacific Islander,0,12,2 ,14,"December 29, 2020"
Multiracial,0,193,1,194,"December 29, 2020"
Other,4,141,1,142,"December 29, 2020"
Unknown Ethnicity,26,872,0,872,"December 29, 2020"
"Unknown Race, Non-Hispanic",4,134,0,134,"December 29, 2020"
Missing,51,2434,59,2493,"December 29, 2020"
Suppressed/Inmate,1,,,,"December 29, 2020"
Total,256,15693,1039,16732,"December 29, 2020"
Hispanic/Latino,87,8879,373,9252,"December 28, 2020"
White,32,2404,376,2780,"December 28, 2020"
Asian,4,293,51,344,"December 28, 2020"
Black/African American,5,116,146,262,"December 28, 2020"
American Indian/Native Alaskan,0,16,28,44,"December 28, 2020"
Native Hawaiian or Pacific Islander,0,12,2 ,14,"December 28, 2020"
Multiracial,0,193,1,194,"December 28, 2020"
Other,3,137,1,138,"December 28, 2020"
Unknown Ethnicity,8,845,0,845,"December 28, 2020"
"Unknown Race, Non-Hispanic",6,130,0,130,"December 28, 2020"
Missing,69,2413,60,2473,"December 28, 2020"
Suppressed/Inmate,0,,,,"December 28, 2020"
Total,214,15438,1038,16476,"December 28, 2020"
Hispanic/Latino,89,8772,373,9145,"December 27, 2020"
White,21,2370,376,2746,"December 27, 2020"
Asian,3,289,51,340,"December 27, 2020"
Black/African American,1,111,146,257,"December 27, 2020"
American Indian/Native Alaskan,1,16,28,44,"December 27, 2020"
Native Hawaiian or Pacific Islander,0,12,2 ,14,"December 27, 2020"
Multiracial,40,189,1,190,"December 27, 2020"
Other,4,134,1,135,"December 27, 2020"
Unknown Ethnicity,20,842,0,842,"December 27, 2020"
"Unknown Race, Non-Hispanic",2,124,0,124,"December 27, 2020"
Missing,41,2368,60,2428,"December 27, 2020"
Suppressed/Inmate,0,,,,"December 27, 2020"
Total,182,15227,1038,16265,"December 27, 2020"
Hispanic/Latino,59,8680,373,9053,"December 26, 2020"
White,9,2344,376,2720,"December 26, 2020"
Asian,5,286,51,337,"December 26, 2020"
Black/African American,1,111,146,257,"December 26, 2020"
American Indian/Native Alaskan,1,15,28,43,"December 26, 2020"
Native Hawaiian or Pacific Islander,0,12,2 ,14,"December 26, 2020"
Multiracial,0,189,1,190,"December 26, 2020"
Other,5,130,1,131,"December 26, 2020"
Unknown Ethnicity,27,823,0,823,"December 26, 2020"
"Unknown Race, Non-Hispanic",2,122,0,122,"December 26, 2020"
Missing,44,2333,60,2393,"December 26, 2020"
Suppressed/Inmate,0,,,,"December 26, 2020"
Total,153,15045,1038,16083,"December 26, 2020"
Hispanic/Latino,105,8587,373,8960,"December 25, 2020"
White,46,2318,376,2694,"December 25, 2020"
Asian,4,276,51,327,"December 25, 2020"
Black/African American,2,110,146,256,"December 25, 2020"
American Indian/Native Alaskan,0,14,28,42,"December 25, 2020"
Native Hawaiian or Pacific Islander,0,12,2 ,14,"December 25, 2020"
Multiracial,0,187,1,188,"December 25, 2020"
Other,5,126,1,127,"December 25, 2020"
Unknown Ethnicity,30,808,0,808,"December 25, 2020"
"Unknown Race, Non-Hispanic",8,122,0,122,"December 25, 2020"
Missing,75,2333,60,2393,"December 25, 2020"
Suppressed/Inmate,0,,,,"December 25, 2020"
Total,275,14893,1038,15931,"December 25, 2020"
Hispanic/Latino,116,8433,373,8806,"December 24, 2020"
White,33,2254,376,2630,"December 24, 2020"
Asian,2,269,51,320,"December 24, 2020"
Black/African American,1,107,146,253,"December 24, 2020"
American Indian/Native Alaskan,1,13,28,41,"December 24, 2020"
Native Hawaiian or Pacific Islander,0,11,2 ,13,"December 24, 2020"
Multiracial,0,180,1,181,"December 24, 2020"
Other,0,126,1,127,"December 24, 2020"
Unknown Ethnicity,15,801,0,801,"December 24, 2020"
"Unknown Race, Non-Hispanic",2,113,0,113,"December 24, 2020"
Missing,70,2312,60,2372,"December 24, 2020"
Suppressed/Inmate,0,,,,"December 24, 2020"
Total,240,14619,1038,15657,"December 24, 2020"
Hispanic/Latino,80,8315,373,8688,"December 23, 2020"
White,25,2219,376,2595,"December 23, 2020"
Asian,6,267,51,318,"December 23, 2020"
Black/African American,2,106,146,252,"December 23, 2020"
American Indian/Native Alaskan,0,12,28,40,"December 23, 2020"
Native Hawaiian or Pacific Islander,0,11,2 ,13,"December 23, 2020"
Multiracial,0,179,1,180,"December 23, 2020"
Other,2,125,1,126,"December 23, 2020"
Unknown Ethnicity,32,786,0,786,"December 23, 2020"
"Unknown Race, Non-Hispanic",1,112,0,112,"December 23, 2020"
Missing,73,2247,60,2307,"December 23, 2020"
Suppressed/Inmate,0,,,,"December 23, 2020"
Total,221,14379,1038,15417,"December 23, 2020"
Hispanic/Latino,124,8190,373,8563,"December 22, 2020"
White,37,2177,376,2553,"December 22, 2020"
Asian,3,259,51,310,"December 22, 2020"
Black/African American,0,104,146,250,"December 22, 2020"
American Indian/Native Alaskan,0,12,28,40,"December 22, 2020"
Native Hawaiian or Pacific Islander,0,11,2 ,13,"December 22, 2020"
Multiracial,0,173,1,174,"December 22, 2020"
Other,4,124,1,125,"December 22, 2020"
Unknown Ethnicity,28,771,0,771,"December 22, 2020"
"Unknown Race, Non-Hispanic",3,111,0,111,"December 22, 2020"
Missing,65,2228,60,2288,"December 22, 2020"
Suppressed/Inmate,0,,,,"December 22, 2020"
Total,264,14160,1038,15198,"December 22, 2020"
Hispanic/Latino,79,8043,373,8416,"December 21, 2020"
White,21,2133,376,2509,"December 21, 2020"
Asian,4,256,51,307,"December 21, 2020"
Black/African American,2,104,146,250,"December 21, 2020"
American Indian/Native Alaskan,0,12,28,40,"December 21, 2020"
Native Hawaiian or Pacific Islander,0,11,2 ,13,"December 21, 2020"
Multiracial,0,171,1,172,"December 21, 2020"
Other,4,120,1,121,"December 21, 2020"
Unknown Ethnicity,17,744,0,744,"December 21, 2020"
"Unknown Race, Non-Hispanic",0,110,0,110,"December 21, 2020"
Missing,72,2193,60,2253,"December 21, 2020"
Suppressed/Inmate,0,,,,"December 21, 2020"
Total,199,13897,1038,14935,"December 21, 2020"
Hispanic/Latino,155,7946,373,8319,"December 20, 2020"
White,47,2104,376,2480,"December 20, 2020"
Asian,4,251,51,302,"December 20, 2020"
Black/African American,4,100,146,246,"December 20, 2020"
American Indian/Native Alaskan,1,12,28,40,"December 20, 2020"
Native Hawaiian or Pacific Islander,0,11,2 ,13,"December 20, 2020"
Multiracial,0,170,1,171,"December 20, 2020"
Other,2,116,1,117,"December 20, 2020"
Unknown Ethnicity,39,733,0,733,"December 20, 2020"
"Unknown Race, Non-Hispanic",5,111,0,111,"December 20, 2020"
Missing,93,2146,60,2206,"December 20, 2020"
Suppressed/Inmate,0,,,,"December 20, 2020"
Total,350,13700,1038,14738,"December 20, 2020"
Hispanic/Latino,8,7792,373,8165,"December 19, 2020"
White,2,2057,376,2433,"December 19, 2020"
Asian,1,247,51,298,"December 19, 2020"
Black/African American,2,96,146,242,"December 19, 2020"
American Indian/Native Alaskan,0,11,28,39,"December 19, 2020"
Native Hawaiian or Pacific Islander,0,11,2 ,13,"December 19, 2020"
Multiracial,0,170,1,171,"December 19, 2020"
Other,1,114,1,115,"December 19, 2020"
Unknown Ethnicity,0,693,0,693,"December 19, 2020"
"Unknown Race, Non-Hispanic",0,106,0,106,"December 19, 2020"
Missing,2,2056,60,2116,"December 19, 2020"
Suppressed/Inmate,0,,,,"December 19, 2020"
Total,16,13353,1038,14391,"December 19, 2020"
Hispanic/Latino,48,7747,373,8120,"December 18, 2020"
White,15,2046,376,2422,"December 18, 2020"
Asian,1,245,51,296,"December 18, 2020"
Black/African American,0,95,146,241,"December 18, 2020"
American Indian/Native Alaskan,0,12,28,40,"December 18, 2020"
Native Hawaiian or Pacific Islander,0,11,2 ,13,"December 18, 2020"
Multiracial,0,166,1,167,"December 18, 2020"
Other,3,118,1,119,"December 18, 2020"
Unknown Ethnicity,23,692,0,692,"December 18, 2020"
"Unknown Race, Non-Hispanic",0,112,0,112,"December 18, 2020"
Missing,96,2094,60,2154,"December 18, 2020"
Suppressed/Inmate,0,,,,"December 18, 2020"
Total,186,13338,1038,14376,"December 18, 2020"
Hispanic/Latino,72,7695,373,8068,"December 17, 2020"
White,41,2029,376,2405,"December 17, 2020"
Asian,3,243,51,294,"December 17, 2020"
Black/African American,1,95,146,241,"December 17, 2020"
American Indian/Native Alaskan,2,12,28,40,"December 17, 2020"
Native Hawaiian or Pacific Islander,1,11,2 ,13,"December 17, 2020"
Multiracial,1,166,1,167,"December 17, 2020"
Other,3,115,1,116,"December 17, 2020"
Unknown Ethnicity,25,666,0,666,"December 17, 2020"
"Unknown Race, Non-Hispanic",3,112,0,112,"December 17, 2020"
Missing,82,2008,60,2068,"December 17, 2020"
Suppressed/Inmate,0,,,,"December 17, 2020"
Total,234,13152,1038,14190,"December 17, 2020"
Hispanic/Latino,83,7575,373,7948,"December 16, 2020"
White,27,1968,376,2344,"December 16, 2020"
Asian,1,241,51,292,"December 16, 2020"
Black/African American,0,94,146,240,"December 16, 2020"
American Indian/Native Alaskan,1,10,28,38,"December 16, 2020"
Native Hawaiian or Pacific Islander,0,10,2 ,12,"December 16, 2020"
Multiracial,0,154,1,155,"December 16, 2020"
Other,3,113,1,114,"December 16, 2020"
Unknown Ethnicity,21,652,0,652,"December 16, 2020"
"Unknown Race, Non-Hispanic",3,110,0,110,"December 16, 2020"
Missing,57,1992,60,2052,"December 16, 2020"
Suppressed/Inmate,0,,,,"December 16, 2020"
Total,196,12919,1038,13957,"December 16, 2020"
Hispanic/Latino,105,7210,373,7583,"December 15, 2020"
White,31,1861,376,2237,"December 15, 2020"
Asian,4,233,51,284,"December 15, 2020"
Black/African American,0,92,146,238,"December 15, 2020"
American Indian/Native Alaskan,0,8,28,36,"December 15, 2020"
Native Hawaiian or Pacific Islander,0,10,2 ,12,"December 15, 2020"
Multiracial,0,144,1,145,"December 15, 2020"
Other,3,109,1,110,"December 15, 2020"
Unknown Ethnicity,7,633,0,633,"December 15, 2020"
"Unknown Race, Non-Hispanic",3,108,0,108,"December 15, 2020"
Missing,54,2317,60,2377,"December 15, 2020"
Suppressed/Inmate,0,,,,"December 15, 2020"
Total,207,12725,1038,13763,"December 15, 2020"
Hispanic/Latino,148,7085,373,7458,"December 14, 2020"
White,50,1831,376,2207,"December 14, 2020"
Asian,5,226,51,277,"December 14, 2020"
Black/African American,1,92,146,238,"December 14, 2020"
American Indian/Native Alaskan,0,8,28,36,"December 14, 2020"
Native Hawaiian or Pacific Islander,0,10,2 ,12,"December 14, 2020"
Multiracial,0,143,1,144,"December 14, 2020"
Other,7,105,1,106,"December 14, 2020"
Unknown Ethnicity,26,631,0,631,"December 14, 2020"
"Unknown Race, Non-Hispanic",5,107,0,107,"December 14, 2020"
Missing,111,2281,60,2341,"December 14, 2020"
Suppressed/Inmate,7,,,,"December 14, 2020"
Total,360,12519,1038,13557,"December 14, 2020"
Hispanic/Latino,42,6946,372,7318,"December 13, 2020"
White,12,1778,376,2154,"December 13, 2020"
Asian,2,221,51,272,"December 13, 2020"
Black/African American,3,91,145,236,"December 13, 2020"
American Indian/Native Alaskan,0,8,28,36,"December 13, 2020"
Native Hawaiian or Pacific Islander,1,9,2,11,"December 13, 2020"
Multiracial,0,143,1,144,"December 13, 2020"
Other,5,98,1,99,"December 13, 2020"
Unknown Ethnicity,24,605,0,605,"December 13, 2020"
"Unknown Race, Non-Hispanic",2,102,0,102,"December 13, 2020"
Missing,54,2166,55,2221,"December 13, 2020"
Suppressed/Inmate,0,,,,"December 13, 2020"
Total,145,12167,1031,13198,"December 13, 2020"
Hispanic/Latino,57,6899,372,7271,"December 12, 2020"
White,34,1756,376,2132,"December 12, 2020"
Asian,2,216,51,267,"December 12, 2020"
Black/African American,1,89,145,234,"December 12, 2020"
American Indian/Native Alaskan,0,8,28,36,"December 12, 2020"
Native Hawaiian or Pacific Islander,0,8,2,10,"December 12, 2020"
Multiracial,0,141,1,142,"December 12, 2020"
Other,2,94,1,95,"December 12, 2020"
Unknown Ethnicity,23,591,0,591,"December 12, 2020"
"Unknown Race, Non-Hispanic",7,105,0,105,"December 12, 2020"
Missing,65,2128,55,2173,"December 12, 2020"
Suppressed/Inmate,0,,,,"December 12, 2020"
Total,191,12025,1031,13056,"December 12, 2020"
Hispanic/Latino,19,6792,372,7164,"December 11, 2020"
White,4,1705,376,2081,"December 11, 2020"
Asian,0,214,51,265,"December 11, 2020"
Black/African American,2,87,145,232,"December 11, 2020"
American Indian/Native Alaskan,0,8,28,36,"December 11, 2020"
Native Hawaiian or Pacific Islander,1,8,2,10,"December 11, 2020"
Multiracial,0,139,1,140,"December 11, 2020"
Other,1,93,1,94,"December 11, 2020"
Unknown Ethnicity,10,575,0,575,"December 11, 2020"
"Unknown Race, Non-Hispanic",0,99,0,99,"December 11, 2020"
Missing,22,2115,55,2170,"December 11, 2020"
Suppressed/Inmate,0,,,,"December 11, 2020"
Total,59,11835,1031,12866,"December 11, 2020"
Hispanic/Latino,19,6792,372,7164,"December 11, 2020"
White,4,1705,376,2081,"December 11, 2020"
Asian,0,214,51,265,"December 11, 2020"
Black/African American,2,87,145,232,"December 11, 2020"
American Indian/Native Alaskan,0,8,28,36,"December 11, 2020"
Native Hawaiian or Pacific Islander,1,8,2,10,"December 11, 2020"
Multiracial,0,139,1,140,"December 11, 2020"
Other,1,93,1,94,"December 11, 2020"
Unknown Ethnicity,10,575,0,575,"December 11, 2020"
"Unknown Race, Non-Hispanic",0,99,0,99,"December 11, 2020"
Missing,22,2115,55,2170,"December 11, 2020"
Suppressed/Inmate,0,,,,"December 11, 2020"
Total,59,11835,1031,12866,"December 11, 2020"
Hispanic/Latino,55,6704,372,7076,"December 10, 2020"
White,21,1677,376,2053,"December 10, 2020"
Asian,1,210,51,261,"December 10, 2020"
Black/African American,1,86,145,231,"December 10, 2020"
American Indian/Native Alaskan,0,8,28,36,"December 10, 2020"
Native Hawaiian or Pacific Islander,0,7,2,9,"December 10, 2020"
Multiracial,0,132,1,133,"December 10, 2020"
Other,1,97,1,98,"December 10, 2020"
Unknown Ethnicity,18,587,0,587,"December 10, 2020"
"Unknown Race, Non-Hispanic",3,101,0,101,"December 10, 2020"
Missing,72,2168,55,2223,"December 10, 2020"
Suppressed/Inmate,0,,,,"December 10, 2020"
Total,172,11777,1031,12808,"December 10, 2020"
Hispanic/Latino,68,6672,372,7044,"December 9, 2020"
White,22,1660,376,2036,"December 9, 2020"
Asian,2,208,51,259,"December 9, 2020"
Black/African American,2,85,145,230,"December 9, 2020"
American Indian/Native Alaskan,0,8,28,36,"December 9, 2020"
Native Hawaiian or Pacific Islander,0,7,2,9,"December 9, 2020"
Multiracial,0,132,1,133,"December 9, 2020"
Other,0,96,1,97,"December 9, 2020"
Unknown Ethnicity,10,569,0,569,"December 9, 2020"
"Unknown Race, Non-Hispanic",2,99,0,99,"December 9, 2020"
Missing,26,2069,55,2124,"December 9, 2020"
Suppressed/Inmate,2,,,,"December 9, 2020"
Total,134,11605,1031,12636,"December 9, 2020"
Hispanic/Latino,50,6584,372,6956,"December 8, 2020"
White,21,1634,376,2010,"December 8, 2020"
Asian,2,205,51,256,"December 8, 2020"
Black/African American,0,83,145,228,"December 8, 2020"
American Indian/Native Alaskan,0,8,28,36,"December 8, 2020"
Native Hawaiian or Pacific Islander,0,7,2,9,"December 8, 2020"
Multiracial,0,133,1,134,"December 8, 2020"
Other,2,96,1,97,"December 8, 2020"
Unknown Ethnicity,14,563,0,563,"December 8, 2020"
"Unknown Race, Non-Hispanic",2,100,0,100,"December 8, 2020"
Missing,34,2060,53,2113,"December 8, 2020"
Suppressed/Inmate,0,,,,"December 8, 2020"
Total,125,11473,1029,12502,"December 8, 2020"
Hispanic/Latino,31,6518,372,6890,"December 7, 2020"
White,15,1607,376,1983,"December 7, 2020"
Asian,2,202,51,253,"December 7, 2020"
Black/African American,2,82,145,227,"December 7, 2020"
American Indian/Native Alaskan,0,7,28,35,"December 7, 2020"
Native Hawaiian or Pacific Islander,0,7,2,9,"December 7, 2020"
Multiracial,0,130,1,131,"December 7, 2020"
Other,2,96,1,97,"December 7, 2020"
Unknown Ethnicity,10,555,0,555,"December 7, 2020"
"Unknown Race, Non-Hispanic",2,99,0,99,"December 7, 2020"
Missing,51,2047,53,2100,"December 7, 2020"
Suppressed/Inmate,2,,,,"December 7, 2020"
Total,117,11350,1029,12379,"December 7, 2020"
Hispanic/Latino,18,6424,372,6796,"December 4, 2020"
White,6,1530,376,1906,"December 4, 2020"
Asian,1,192,51,243,"December 4, 2020"
Black/African American,0,79,145,224,"December 4, 2020"
American Indian/Native Alaskan,0,8,28,36,"December 4, 2020"
Native Hawaiian or Pacific Islander,0,7,2,9,"December 4, 2020"
Multiracial,0,128,1,129,"December 4, 2020"
Other,2,93,1,94,"December 4, 2020"
Unknown Ethnicity,9,539,0,539,"December 4, 2020"
"Unknown Race, Non-Hispanic",1,102,0,102,"December 4, 2020"
Missing,38,1788,51,1839,"December 4, 2020"
Suppressed/Inmate,0,,,,"December 4, 2020"
Total,75,10890,1027,11917,"December 4, 2020"
Hispanic/Latino,58,6416,372,6788,"December 3, 2020"
White,20,1533,376,1909,"December 3, 2020"
Asian,4,185,51,236,"December 3, 2020"
Black/African American,2,80,145,225,"December 3, 2020"
American Indian/Native Alaskan,0,8,28,36,"December 3, 2020"
Native Hawaiian or Pacific Islander,0,7,2,9,"December 3, 2020"
Multiracial,0,127,1,128,"December 3, 2020"
Other,1,91,1,92,"December 3, 2020"
Unknown Ethnicity,13,534,0,534,"December 3, 2020"
"Unknown Race, Non-Hispanic",2,103,0,103,"December 3, 2020"
Missing,34,1734,51,1785,"December 3, 2020"
Suppressed/Inmate,0,,,,"December 3, 2020"
Total,134,10818,1027,11845,"December 3, 2020"
Hispanic/Latino,25,6348,372,6720,"December 2, 2020"
White,15,1503,376,1879,"December 2, 2020"
Asian,1,181,51,232,"December 2, 2020"
Black/African American,0,79,145,224,"December 2, 2020"
American Indian/Native Alaskan,0,8,28,36,"December 2, 2020"
Native Hawaiian or Pacific Islander,0,7,2,9,"December 2, 2020"
Multiracial,0,125,1,126,"December 2, 2020"
Other,0,90,1,91,"December 2, 2020"
Unknown Ethnicity,7,530,0,530,"December 2, 2020"
"Unknown Race, Non-Hispanic",2,102,0,102,"December 2, 2020"
Missing,39,1720,51,1771,"December 2, 2020"
Suppressed/Inmate,0,,,,"December 2, 2020"
Total,89,10693,1027,11720,"December 2, 2020"
Hispanic/Latino,6,6273,372,6645,"December 1, 2020"
White,3,1462,376,1838,"December 1, 2020"
Asian,0,176,51,227,"December 1, 2020"
Black/African American,0,78,145,223,"December 1, 2020"
American Indian/Native Alaskan,0,8,28,36,"December 1, 2020"
Native Hawaiian or Pacific Islander,0,7,2,9,"December 1, 2020"
Multiracial,0,123,1,124,"December 1, 2020"
Other,0,90,1,91,"December 1, 2020"
Unknown Ethnicity,3,536,0,536,"December 1, 2020"
"Unknown Race, Non-Hispanic",3,102,0,102,"December 1, 2020"
Missing,14,1749,51,1800,"December 1, 2020"
Suppressed/Inmate,0,,,,"December 1, 2020"
Total,29,10604,1027,11631,"December 1, 2020"
Hispanic/Latino,18,6267,372,6639,"November 30, 2020"
White,5,1459,376,1835,"November 30, 2020"
Asian,2,176,51,227,"November 30, 2020"
Black/African American,1,78,145,223,"November 30, 2020"
American Indian/Native Alaskan,0,8,28,36,"November 30, 2020"
Native Hawaiian or Pacific Islander,0,7,2,9,"November 30, 2020"
Multiracial,1,123,1,124,"November 30, 2020"
Other,0,90,1,91,"November 30, 2020"
Unknown Ethnicity,4,533,0,533,"November 30, 2020"
"Unknown Race, Non-Hispanic",0,99,0,99,"November 30, 2020"
Missing,21,1735,51,1786,"November 30, 2020"
Suppressed/Inmate,0,,,,"November 30, 2020"
Total,52,10575,1027,11602,"November 30, 2020"
Hispanic/Latino,9,6086,372,6458,"November 25, 2020"
White,6,1372,377,1749,"November 25, 2020"
Asian,1,164,51,215,"November 25, 2020"
Black/African American,0,74,145,219,"November 25, 2020"
American Indian/Native Alaskan,0,8,28,36,"November 25, 2020"
Native Hawaiian or Pacific Islander,0,8,1,9,"November 25, 2020"
Multiracial,0,119,1,120,"November 25, 2020"
Other,0,86,0,86,"November 25, 2020"
Unknown Ethnicity,4,509,0,509,"November 25, 2020"
"Unknown Race, Non-Hispanic",0,94,0,94,"November 25, 2020"
Missing,20,1658,52,1710,"November 25, 2020"
Suppressed/Inmate,0,,,,"November 25, 2020"
Total,40,10178,1027,11205,"November 25, 2020"
Hispanic/Latino,28,6052,372,6424,"November 24, 2020"
White,15,1361,377,1738,"November 24, 2020"
Asian,3,163,51,214,"November 24, 2020"
Black/African American,3,74,145,219,"November 24, 2020"
American Indian/Native Alaskan,0,8,28,36,"November 24, 2020"
Native Hawaiian or Pacific Islander,0,8,1,9,"November 24, 2020"
Multiracial,0,118,1,119,"November 24, 2020"
Other,1,87,0,87,"November 24, 2020"
Unknown Ethnicity,10,511,0,511,"November 24, 2020"
"Unknown Race, Non-Hispanic",4,95,0,95,"November 24, 2020"
Missing,36,1662,52,1714,"November 24, 2020"
Suppressed/Inmate,0,,,,"November 24, 2020"
Total,100,10139,1027,11166,"November 24, 2020"
Hispanic/Latino,0,5980,372,6352,"November 23, 2020"
White,0,1318,377,1695,"November 23, 2020"
Asian,0,159,51,210,"November 23, 2020"
Black/African American,0,69,145,214,"November 23, 2020"
American Indian/Native Alaskan,0,8,28,36,"November 23, 2020"
Native Hawaiian or Pacific Islander,0,7,1,8,"November 23, 2020"
Multiracial,0,117,1,118,"November 23, 2020"
Other,0,87,0,87,"November 23, 2020"
Unknown Ethnicity,0,498,0,498,"November 23, 2020"
"Unknown Race, Non-Hispanic",0,90,0,90,"November 23, 2020"
Missing,54,1707,52,1759,"November 23, 2020"
Suppressed/Inmate,0,,,,"November 23, 2020"
Total,79,10040,1027,11067,"November 23, 2020"
Hispanic/Latino,6,5967,372,6339,"November 22, 2020"
White,3,1311,377,1688,"November 22, 2020"
Asian,1,158,51,209,"November 22, 2020"
Black/African American,1,69,145,214,"November 22, 2020"
American Indian/Native Alaskan,0,8,28,36,"November 22, 2020"
Native Hawaiian or Pacific Islander,0,7,1,8,"November 22, 2020"
Multiracial,1,116,1,117,"November 22, 2020"
Other,0,87,0,87,"November 22, 2020"
Unknown Ethnicity,3,501,0,501,"November 22, 2020"
"Unknown Race, Non-Hispanic",0,91,0,91,"November 22, 2020"
Missing,64,1671,52,1723,"November 22, 2020"
Suppressed/Inmate,0,,,,"November 22, 2020"
Total,79,9986,1027,11013,"November 22, 2020"
Hispanic/Latino,35,5953,372,6325,"November 21, 2020"
White,16,1301,377,1678,"November 21, 2020"
Asian,1,157,51,208,"November 21, 2020"
Black/African American,0,67,145,212,"November 21, 2020"
American Indian/Native Alaskan,0,8,28,36,"November 21, 2020"
Native Hawaiian or Pacific Islander,0,7,1,8,"November 21, 2020"
Multiracial,0,114,1,115,"November 21, 2020"
Other,1,88,0,88,"November 21, 2020"
Unknown Ethnicity,11,499,0,499,"November 21, 2020"
"Unknown Race, Non-Hispanic",1,91,0,91,"November 21, 2020"
Missing,30,1622,52,1674,"November 21, 2020"
Suppressed/Inmate,0,,,,"November 21, 2020"
Total,95,9907,1027,10934,"November 21, 2020"
Hispanic/Latino,13,5901,372,6273,"November 20, 2020"
White,6,1272,377,1649,"November 20, 2020"
Asian,1,156,51,207,"November 20, 2020"
Black/African American,2,67,145,212,"November 20, 2020"
American Indian/Native Alaskan,0,8,28,36,"November 20, 2020"
Native Hawaiian or Pacific Islander,0,7,1,8,"November 20, 2020"
Multiracial,0,112,1,113,"November 20, 2020"
Other,0,87,0,87,"November 20, 2020"
Unknown Ethnicity,7,495,0,495,"November 20, 2020"
"Unknown Race, Non-Hispanic",2,91,0,91,"November 20, 2020"
Missing,42,1616,52,1668,"November 20, 2020"
Suppressed/Inmate,1,,,,"November 20, 2020"
Total,74,9812,1027,10839,"November 20, 2020"
Hispanic/Latino,21,5875,372,6247,"November 19, 2020"
White,8,1248,377,1625,"November 19, 2020"
Asian,3,154,51,205,"November 19, 2020"
Black/African American,4,65,145,210,"November 19, 2020"
American Indian/Native Alaskan,0,8,28,36,"November 19, 2020"
Native Hawaiian or Pacific Islander,0,7,1,8,"November 19, 2020"
Multiracial,0,111,1,112,"November 19, 2020"
Other,1,89,0,89,"November 19, 2020"
Unknown Ethnicity,7,494,0,494,"November 19, 2020"
"Unknown Race, Non-Hispanic",0,89,0,89,"November 19, 2020"
Missing,23,1602,51,1653,"November 19, 2020"
Suppressed/Inmate,0,,,,"November 19, 2020"
Total,67,9742,1026,10768,"November 19, 2020"
Hispanic/Latino,31,5840,372,6212,"November 18, 2020"
White,15,1232,377,1609,"November 18, 2020"
Asian,0,149,51,200,"November 18, 2020"
Black/African American,0,61,145,206,"November 18, 2020"
American Indian/Native Alaskan,1,8,28,36,"November 18, 2020"
Native Hawaiian or Pacific Islander,0,7,1,8,"November 18, 2020"
Multiracial,0,107,1,108,"November 18, 2020"
Other,2,90,0,90,"November 18, 2020"
Unknown Ethnicity,6,490,0,490,"November 18, 2020"
"Unknown Race, Non-Hispanic",3,92,0,92,"November 18, 2020"
Missing,33,1600,51,1651,"November 18, 2020"
Suppressed/Inmate,0,,,,"November 18, 2020"
Total,91,9676,1026,10702,"November 18, 2020"
Hispanic/Latino,8,5786,372,6158,"November 17, 2020"
White,5,1205,377,1582,"November 17, 2020"
Asian,1,148,51,199,"November 17, 2020"
Black/African American,0,61,145,206,"November 17, 2020"
American Indian/Native Alaskan,0,7,28,35,"November 17, 2020"
Native Hawaiian or Pacific Islander,0,7,1,8,"November 17, 2020"
Multiracial,0,106,1,107,"November 17, 2020"
Other,1,89,0,89,"November 17, 2020"
Unknown Ethnicity,5,491,0,491,"November 17, 2020"
"Unknown Race, Non-Hispanic",2,92,0,92,"November 17, 2020"
Missing,14,1594,51,1645,"November 17, 2020"
Suppressed/Inmate,0,,,,"November 17, 2020"
Total,36,9586,1026,10612,"November 17, 2020"
Hispanic/Latino,15,5772,372,6144,"November 16, 2020"
White,5,1192,377,1569,"November 16, 2020"
Asian,1,146,51,197,"November 16, 2020"
Black/African American,1,61,145,206,"November 16, 2020"
American Indian/Native Alaskan,0,7,28,35,"November 16, 2020"
Native Hawaiian or Pacific Islander,0,7,1,8,"November 16, 2020"
Multiracial,0,106,1,107,"November 16, 2020"
Other,1,88,0,88,"November 16, 2020"
Unknown Ethnicity,6,489,0,489,"November 16, 2020"
"Unknown Race, Non-Hispanic",1,92,0,92,"November 16, 2020"
Missing,23,1591,51,1642,"November 16, 2020"
Suppressed/Inmate,0,,,,"November 16, 2020"
Total,53,9551,1026,10577,"November 16, 2020"
Hispanic/Latino,17,5685,372,6057,"November 13, 2020"
White,15,1160,377,1537,"November 13, 2020"
Asian,2,139,51,190,"November 13, 2020"
Black/African American,2,58,145,203,"November 13, 2020"
American Indian/Native Alaskan,0,7,28,35,"November 13, 2020"
Native Hawaiian or Pacific Islander,1,7,1,8,"November 13, 2020"
Multiracial,1,103,1,104,"November 13, 2020"
Other,1,87,0,87,"November 13, 2020"
Unknown Ethnicity,4,481,0,481,"November 13, 2020"
"Unknown Race, Non-Hispanic",3,92,0,92,"November 13, 2020"
Missing,30,1570,51,1621,"November 13, 2020"
Suppressed/Inmate,0,,,,"November 13, 2020"
Total,76,9389,1026,10415,"November 13, 2020"
Hispanic/Latino,6,5663,372,6035,"November 12, 2020"
White,7,1143,377,1520,"November 12, 2020"
Asian,0,137,51,188,"November 12, 2020"
Black/African American,0,56,145,201,"November 12, 2020"
American Indian/Native Alaskan,0,7,28,35,"November 12, 2020"
Native Hawaiian or Pacific Islander,0,6,1,7,"November 12, 2020"
Multiracial,1,102,1,103,"November 12, 2020"
Other,1,86,0,86,"November 12, 2020"
Unknown Ethnicity,11,476,0,476,"November 12, 2020"
"Unknown Race, Non-Hispanic",0,90,0,90,"November 12, 2020"
Missing,21,1547,51,1598,"November 12, 2020"
Suppressed/Inmate,0,,,,"November 12, 2020"
Total,47,9313,1026,10339,"November 12, 2020"
Hispanic/Latino,7,5630,372,6002,"November 10, 2020"
White,10,1112,377,1489,"November 10, 2020"
Asian,0,135,51,186,"November 10, 2020"
Black/African American,0,56,145,201,"November 10, 2020"
American Indian/Native Alaskan,0,7,28,35,"November 10, 2020"
Native Hawaiian or Pacific Islander,0,6,1,7,"November 10, 2020"
Multiracial,0,99,1,100,"November 10, 2020"
Other,0,84,0,84,"November 10, 2020"
Unknown Ethnicity,5,468,0,468,"November 10, 2020"
"Unknown Race, Non-Hispanic",0,90,0,90,"November 10, 2020"
Missing,10,1547,51,1598,"November 10, 2020"
Suppressed/Inmate,0,,,,"November 10, 2020"
Total,32,9234,1026,10260,"November 10, 2020"
Hispanic/Latino,8,5615,372,5987,"November 9, 2020"
White,4,1101,377,1478,"November 9, 2020"
Asian,0,135,51,186,"November 9, 2020"
Black/African American,1,55,145,200,"November 9, 2020"
American Indian/Native Alaskan,0,7,28,35,"November 9, 2020"
Native Hawaiian or Pacific Islander,0,6,1,7,"November 9, 2020"
Multiracial,0,99,1,100,"November 9, 2020"
Other,0,84,0,84,"November 9, 2020"
Unknown Ethnicity,1,463,0,463,"November 9, 2020"
"Unknown Race, Non-Hispanic",3,91,0,91,"November 9, 2020"
Missing,24,1548,51,1599,"November 9, 2020"
Suppressed/Inmate,0,,,,"November 9, 2020"
Total,41,9204,1026,10230,"November 9, 2020"
Hispanic/Latino,9,5567,372,5939,"November 6, 2020"
White,6,1070,377,1447,"November 6, 2020"
Asian,0,135,51,186,"November 6, 2020"
Black/African American,0,51,145,196,"November 6, 2020"
American Indian/Native Alaskan,0,7,28,35,"November 6, 2020"
Native Hawaiian or Pacific Islander,0,6,1,7,"November 6, 2020"
Multiracial,0,92,1,93,"November 6, 2020"
Other,0,86,0,86,"November 6, 2020"
Unknown Ethnicity,8,465,0,465,"November 6, 2020"
"Unknown Race, Non-Hispanic",1,93,0,93,"November 6, 2020"
Missing,15,1530,51,1581,"November 6, 2020"
Suppressed/Inmate,0,,,,"November 6, 2020"
Total,39,9102,1026,10128,"November 6, 2020"
Hispanic/Latino,7,5552,372,5924,"November 5, 2020"
White,8,1059,377,1436,"November 5, 2020"
Asian,1,135,51,186,"November 5, 2020"
Black/African American,0,51,145,196,"November 5, 2020"
American Indian/Native Alaskan,0,7,28,35,"November 5, 2020"
Native Hawaiian or Pacific Islander,0,6,1,7,"November 5, 2020"
Multiracial,0,93,1,94,"November 5, 2020"
Other,1,86,0,86,"November 5, 2020"
Unknown Ethnicity,7,460,0,460,"November 5, 2020"
"Unknown Race, Non-Hispanic",4,92,0,92,"November 5, 2020"
Missing,19,1522,51,1573,"November 5, 2020"
Suppressed/Inmate,0,,,,"November 5, 2020"
Total,47,9063,1026,10089,"November 5, 2020"
Hispanic/Latino,5,5542,372,5914,"November 4, 2020"
White,6,1042,377,1419,"November 4, 2020"
Asian,0,133,51,184,"November 4, 2020"
Black/African American,0,51,145,196,"November 4, 2020"
American Indian/Native Alaskan,0,7,28,35,"November 4, 2020"
Native Hawaiian or Pacific Islander,0,6,1,7,"November 4, 2020"
Multiracial,0,90,1,91,"November 4, 2020"
Other,1,86,0,86,"November 4, 2020"
Unknown Ethnicity,6,455,0,455,"November 4, 2020"
"Unknown Race, Non-Hispanic",1,89,0,89,"November 4, 2020"
Missing,9,1515,51,1566,"November 4, 2020"
Suppressed/Inmate,0,,,,"November 4, 2020"
Total,28,9016,1026,10042,"November 4, 2020"
Hispanic/Latino,2,5531,372,5903,"November 3, 2020"
White,2,1035,377,1412,"November 3, 2020"
Asian,0,132,51,183,"November 3, 2020"
Black/African American,0,51,145,196,"November 3, 2020"
American Indian/Native Alaskan,0,7,28,35,"November 3, 2020"
Native Hawaiian or Pacific Islander,0,6,1,7,"November 3, 2020"
Multiracial,0,90,1,91,"November 3, 2020"
Other,0,83,0,83,"November 3, 2020"
Unknown Ethnicity,1,442,0,442,"November 3, 2020"
"Unknown Race, Non-Hispanic",0,89,0,89,"November 3, 2020"
Missing,19,1524,51,1575,"November 3, 2020"
Suppressed/Inmate,0,,,,"November 3, 2020"
Total,24,8990,1026,10016,"November 3, 2020"
Hispanic/Latino,1,5526,372,5898,"November 2, 2020"
White,2,1032,377,1409,"November 2, 2020"
Asian,0,132,51,183,"November 2, 2020"
Black/African American,0,51,145,196,"November 2, 2020"
American Indian/Native Alaskan,0,7,28,35,"November 2, 2020"
Native Hawaiian or Pacific Islander,0,6,1,7,"November 2, 2020"
Multiracial,0,90,1,91,"November 2, 2020"
Other,0,83,0,83,"November 2, 2020"
Unknown Ethnicity,1,443,0,443,"November 2, 2020"
"Unknown Race, Non-Hispanic",1,89,0,89,"November 2, 2020"
Missing,10,1507,51,1558,"November 2, 2020"
Suppressed/Inmate,0,,,,"November 2, 2020"
Total,15,8966,1026,9992,"November 2, 2020"
Hispanic/Latino,5,5508,372,5880,"October 30, 2020"
White,4,1013,377,1390,"October 30, 2020"
Asian,0,128,51,179,"October 30, 2020"
Black/African American,0,50,145,195,"October 30, 2020"
American Indian/Native Alaskan,0,6,28,34,"October 30, 2020"
Native Hawaiian or Pacific Islander,0,5,1,6,"October 30, 2020"
Multiracial,0,88,1,89,"October 30, 2020"
Other,0,83,0,83,"October 30, 2020"
Unknown Ethnicity,5,443,0,443,"October 30, 2020"
"Unknown Race, Non-Hispanic",3,94,0,94,"October 30, 2020"
Missing,9,1500,51,1551,"October 30, 2020"
Suppressed/Inmate,0,,,,"October 30, 2020"
Total,26,8918,1026,9944,"October 30, 2020"
Hispanic/Latino,8,5498,372,5870,"October 29, 2020"
White,11,1006,377,1383,"October 29, 2020"
Asian,0,126,51,177,"October 29, 2020"
Black/African American,0,50,145,195,"October 29, 2020"
American Indian/Native Alaskan,0,6,28,34,"October 29, 2020"
Native Hawaiian or Pacific Islander,0,5,1,6,"October 29, 2020"
Multiracial,0,88,1,89,"October 29, 2020"
Other,0,83,0,83,"October 29, 2020"
Unknown Ethnicity,5,438,0,438,"October 29, 2020"
"Unknown Race, Non-Hispanic",0,91,0,91,"October 29, 2020"
Missing,9,1502,51,1553,"October 29, 2020"
Suppressed/Inmate,0,,,,"October 29, 2020"
Total,33,8893,1026,9919,"October 29, 2020"
Hispanic/Latino,2,5484,372,5856,"October 28, 2020"
White,3,991,377,1368,"October 28, 2020"
Asian,1,124,51,175,"October 28, 2020"
Black/African American,0,50,145,195,"October 28, 2020"
American Indian/Native Alaskan,0,6,28,34,"October 28, 2020"
Native Hawaiian or Pacific Islander,0,5,1,6,"October 28, 2020"
Multiracial,0,87,1,88,"October 28, 2020"
Other,0,83,0,83,"October 28, 2020"
Unknown Ethnicity,3,436,0,436,"October 28, 2020"
"Unknown Race, Non-Hispanic",1,91,0,91,"October 28, 2020"
Missing,13,1503,51,1554,"October 28, 2020"
Suppressed/Inmate,0,,,,"October 28, 2020"
Total,23,8860,1026,9886,"October 28, 2020"
Hispanic/Latino,10,5479,372,5851,"October 27, 2020"
White,7,988,377,1365,"October 27, 2020"
Asian,0,123,51,174,"October 27, 2020"
Black/African American,0,50,145,195,"October 27, 2020"
American Indian/Native Alaskan,0,6,28,34,"October 27, 2020"
Native Hawaiian or Pacific Islander,0,5,1,6,"October 27, 2020"
Multiracial,0,87,1,88,"October 27, 2020"
Other,0,83,0,83,"October 27, 2020"
Unknown Ethnicity,5,436,0,436,"October 27, 2020"
"Unknown Race, Non-Hispanic",5,90,0,90,"October 27, 2020"
Missing,16,1490,51,1541,"October 27, 2020"
Suppressed/Inmate,0,,,,"October 27, 2020"
Total,43,8837,1026,9863,"October 27, 2020"
Hispanic/Latino,2,5459,372,5831,"October 26, 2020"
White,0,975,377,1352,"October 26, 2020"
Asian,0,123,51,174,"October 26, 2020"
Black/African American,0,50,145,195,"October 26, 2020"
American Indian/Native Alaskan,0,6,28,34,"October 26, 2020"
Native Hawaiian or Pacific Islander,0,5,1,6,"October 26, 2020"
Multiracial,0,86,1,87,"October 26, 2020"
Other,0,84,0,84,"October 26, 2020"
Unknown Ethnicity,5,430,0,430,"October 26, 2020"
"Unknown Race, Non-Hispanic",3,91,0,91,"October 26, 2020"
Missing,2,1485,51,1536,"October 26, 2020"
Suppressed/Inmate,0,,,,"October 26, 2020"
Total,12,8794,1026,9820,"October 26, 2020"
Hispanic/Latino,12,5424,372,5806,"October 23, 2020"
White,4,950,377,1327,"October 23, 2020"
Asian,0,121,51,172,"October 23, 2020"
Black/African American,0,50,145,195,"October 23, 2020"
American Indian/Native Alaskan,0,6,28,34,"October 23, 2020"
Native Hawaiian or Pacific Islander,0,5,1,6,"October 23, 2020"
Multiracial,0,85,1,86,"October 23, 2020"
Other,0,83,0,83,"October 23, 2020"
Unknown Ethnicity,6,430,0,430,"October 23, 2020"
"Unknown Race, Non-Hispanic",2,88,0,88,"October 23, 2020"
Missing,21,1482,51,1533,"October 23, 2020"
Suppressed/Inmate,0,,,,"October 23, 2020"
Total,45,8734,1026,9760,"October 23, 2020"
Hispanic/Latino,6,5416,372,5788,"October 22, 2020"
White,6,941,377,1318,"October 22, 2020"
Asian,0,121,51,172,"October 22, 2020"
Black/African American,0,50,145,195,"October 22, 2020"
American Indian/Native Alaskan,0,6,28,34,"October 22, 2020"
Native Hawaiian or Pacific Islander,0,5,1,6,"October 22, 2020"
Multiracial,0,83,1,84,"October 22, 2020"
Other,0,83,0,83,"October 22, 2020"
Unknown Ethnicity,2,423,0,423,"October 22, 2020"
"Unknown Race, Non-Hispanic",4,90,0,90,"October 22, 2020"
Missing,9,1471,51,1522,"October 22, 2020"
Suppressed/Inmate,0,,,,"October 22, 2020"
Total,27,8689,1026,9715,"October 22, 2020"
Hispanic/Latino,6,5408,372,5780,"October 21, 2020"
White,3,928,377,1305,"October 21, 2020"
Asian,0,120,51,171,"October 21, 2020"
Black/African American,0,49,145,194,"October 21, 2020"
American Indian/Native Alaskan,0,6,28,34,"October 21, 2020"
Native Hawaiian or Pacific Islander,0,5,1,6,"October 21, 2020"
Multiracial,0,83,1,84,"October 21, 2020"
Other,0,83,0,83,"October 21, 2020"
Unknown Ethnicity,1,422,0,422,"October 21, 2020"
"Unknown Race, Non-Hispanic",4,87,0,87,"October 21, 2020"
Missing,6,1471,51,1522,"October 21, 2020"
Suppressed/Inmate,0,,,,"October 21, 2020"
Total,20,8662,1026,9688,"October 21, 2020"
Hispanic/Latino,9,5398,372,5770,"October 20, 2020"
White,1,918,377,1295,"October 20, 2020"
Asian,1,119,51,170,"October 20, 2020"
Black/African American,0,49,145,194,"October 20, 2020"
American Indian/Native Alaskan,0,6,28,34,"October 20, 2020"
Native Hawaiian or Pacific Islander,0,5,1,6,"October 20, 2020"
Multiracial,0,84,1,85,"October 20, 2020"
Other,0,82,0,82,"October 20, 2020"
Unknown Ethnicity,3,424,0,424,"October 20, 2020"
"Unknown Race, Non-Hispanic",5,88,0,88,"October 20, 2020"
Missing,11,1472,51,1523,"October 20, 2020"
Suppressed/Inmate,0,,,,"October 20, 2020"
Total,30,8645,1026,9671,"October 20, 2020"
Hispanic/Latino,1,5386,372,5758,"October 19, 2020"
White,1,917,377,1294,"October 19, 2020"
Asian,0,116,51,167,"October 19, 2020"
Black/African American,0,48,145,193,"October 19, 2020"
American Indian/Native Alaskan,0,6,28,34,"October 19, 2020"
Native Hawaiian or Pacific Islander,0,5,1,6,"October 19, 2020"
Multiracial,0,83,1,84,"October 19, 2020"
Other,0,82,0,82,"October 19, 2020"
Unknown Ethnicity,1,421,0,421,"October 19, 2020"
"Unknown Race, Non-Hispanic",1,83,0,83,"October 19, 2020"
Missing,20,1468,51,1519,"October 19, 2020"
Suppressed/Inmate,0,,,,"October 19, 2020"
Total,24,8615,1026,9641,"October 19, 2020"
Hispanic/Latino,6,5353,372,5725,"October 16, 2020"
White,4,898,377,1275,"October 16, 2020"
Asian,0,113,51,164,"October 16, 2020"
Black/African American,0,48,145,193,"October 16, 2020"
American Indian/Native Alaskan,0,6,28,34,"October 16, 2020"
Native Hawaiian or Pacific Islander,0,4,1,5,"October 16, 2020"
Multiracial,0,78,1,79,"October 16, 2020"
Other,0,83,0,83,"October 16, 2020"
Unknown Ethnicity,5,423,0,423,"October 16, 2020"
"Unknown Race, Non-Hispanic",2,87,0,87,"October 16, 2020"
Missing,6,1441,51,1492,"October 16, 2020"
Suppressed/Inmate,0,,,,"October 16, 2020"
Total,23,8534,1026,9560,"October 16, 2020"
Hispanic/Latino,6,5341,372,5713,"October 15, 2020"
White,1,894,377,1271,"October 15, 2020"
Asian,0,112,51,163,"October 15, 2020"
Black/African American,0,48,145,193,"October 15, 2020"
American Indian/Native Alaskan,0,6,28,34,"October 15, 2020"
Native Hawaiian or Pacific Islander,0,4,1,5,"October 15, 2020"
Multiracial,1,76,1,77,"October 15, 2020"
Other,0,83,0,83,"October 15, 2020"
Unknown Ethnicity,1,423,0,423,"October 15, 2020"
"Unknown Race, Non-Hispanic",3,86,0,86,"October 15, 2020"
Missing,8,1441,51,1492,"October 15, 2020"
Suppressed/Inmate,0,,,,"October 15, 2020"
Total,20,8514,1026,9540,"October 15, 2020"
Hispanic/Latino,1,5330,372,5702,"October 14, 2020"
White,2,886,377,1263,"October 14, 2020"
Asian,1,112,51,163,"October 14, 2020"
Black/African American,0,48,145,193,"October 14, 2020"
American Indian/Native Alaskan,0,6,28,34,"October 14, 2020"
Native Hawaiian or Pacific Islander,0,4,1,5,"October 14, 2020"
Multiracial,0,74,1,75,"October 14, 2020"
Other,0,83,0,83,"October 14, 2020"
Unknown Ethnicity,4,425,0,425,"October 14, 2020"
"Unknown Race, Non-Hispanic",3,86,0,86,"October 14, 2020"
Missing,8,1440,51,1491,"October 14, 2020"
Suppressed/Inmate,0,,,,"October 14, 2020"
Total,19,8494,1026,9520,"October 14, 2020"
Hispanic/Latino,3,5323,372,5695,"October 13, 2020"
White ,1,881,377,1258,"October 13, 2020"
Asian ,2,110,51,161,"October 13, 2020"
Black/African American,0,48,145,193,"October 13, 2020"
American Indian/Native Alaskan,0,6,28,34,"October 13, 2020"
Native Hawaiian or Pacific Islander ,0,4,1,5,"October 13, 2020"
Multiracial ,0,72,1,73,"October 13, 2020"
Other ,0,83,0,83,"October 13, 2020"
Unknown Ethnicity,3,422,0,422,"October 13, 2020"
"Unknown Race, Non-Hispanic",2,85,0,85,"October 13, 2020"
Missing,17,1443,51,1494,"October 13, 2020"
Suppressed/Inmate,1,,,,"October 13, 2020"
Total,29,8477,1026,9503,"October 13, 2020"
Hispanic/Latino,6,5315,372,5687,"October 12, 2020"
White ,0,877,377,1254,"October 12, 2020"
Asian ,1,107,51,158,"October 12, 2020"
Black/African American,0,48,145,193,"October 12, 2020"
American Indian/Native Alaskan,0,6,28,34,"October 12, 2020"
Native Hawaiian or Pacific Islander ,0,4,1,5,"October 12, 2020"
Multiracial ,0,72,1,73,"October 12, 2020"
Other ,0,83,0,83,"October 12, 2020"
Unknown Ethnicity,4,419,0,419,"October 12, 2020"
"Unknown Race, Non-Hispanic",7,86,0,86,"October 12, 2020"
Missing,6,1433,50,1483,"October 12, 2020"
Suppressed/Inmate,0,,,,"October 12, 2020"
Total,24,8450,1025,9475,"October 12, 2020"
Hispanic/Latino,4,5283,372,5655,"October 9, 2020"
White ,5,865,377,1242,"October 9, 2020"
Asian ,0,102,51,153,"October 9, 2020"
Black/African American ,0,47,145,192,"October 9, 2020"
American Indian/Native Alaskan ,0,6,28,34,"October 9, 2020"
Native Hawaiian or Pacific Islander ,0,4,1,5,"October 9, 2020"
Multiracial ,0,72,1,73,"October 9, 2020"
Other ,0,83,0,83,"October 9, 2020"
Unknown Ethnicity,3,411,0,411,"October 9, 2020"
"Unknown Race, Non-Hispanic",1,77,0,77,"October 9, 2020"
Missing,9,1433,50,1483,"October 9, 2020"
Suppressed/Inmate,0,,,,"October 9, 2020"
Total,22,8383,1025,9408,"October 9, 2020"
Hispanic/Latino,9,5276,372,5648,"October 8, 2020"
White ,4,860,377,1237,"October 8, 2020"
Asian ,0,101,51,152,"October 8, 2020"
Black/African American ,0,47,145,192,"October 8, 2020"
American Indian/Native Alaskan ,0,5,28,33,"October 8, 2020"
Native Hawaiian or Pacific Islander ,0,4,1,5,"October 8, 2020"
Multiracial ,0,72,1,73,"October 8, 2020"
Other ,0,83,0,83,"October 8, 2020"
Unknown Ethnicity,4,410,0,410,"October 8, 2020"
"Unknown Race, Non-Hispanic",0,76,0,76,"October 8, 2020"
Missing,7,1428,50,1478,"October 8, 2020"
Suppressed/Inmate,0,,,,"October 8, 2020"
Total,24,8362,1025,9387,"October 8, 2020"
Hispanic/Latino,1,5261,372,5633,"October 7, 2020"
White ,2,850,377,1227,"October 7, 2020"
Asian ,0,98,51,149,"October 7, 2020"
Black/African American ,0,47,145,192,"October 7, 2020"
American Indian/Native Alaskan ,0,5,28,33,"October 7, 2020"
Native Hawaiian or Pacific Islander ,0,4,1,5,"October 7, 2020"
Multiracial ,0,73,1,74,"October 7, 2020"
Other ,0,83,0,83,"October 7, 2020"
Unknown Ethnicity,4,407,0,407,"October 7, 2020"
"Unknown Race, Non-Hispanic",3,78,0,78,"October 7, 2020"
Missing,13,1432,50,1482,"October 7, 2020"
Suppressed/Inmate,0,,,,"October 7, 2020"
Total,23,8338,1025,9363,"October 7, 2020"
Hispanic/Latino,2,5251,372,5623,"October 6, 2020"
White ,3,847,377,1224,"October 6, 2020"
Asian ,2,96,51,147,"October 6, 2020"
Black/African American ,0,47,145,192,"October 6, 2020"
American Indian/Native Alaskan ,0,5,28,33,"October 6, 2020"
Native Hawaiian or Pacific Islander ,0,4,1,5,"October 6, 2020"
Multiracial ,0,73,1,74,"October 6, 2020"
Other ,0,83,0,83,"October 6, 2020"
Unknown Ethnicity,2,405,0,405,"October 6, 2020"
"Unknown Race, Non-Hispanic",1,75,0,75,"October 6, 2020"
Missing,11,1429,50,1479,"October 6, 2020"
Suppressed/Inmate,1,,,,"October 6, 2020"
Total,22,8315,1025,9340,"October 6, 2020"
Hispanic/Latino,8,5241,372,5613,"October 5, 2020"
White ,7,844,377,1221,"October 5, 2020"
Asian ,5,94,51,145,"October 5, 2020"
Black/African American ,0,47,145,192,"October 5, 2020"
American Indian/Native Alaskan ,0,5,28,33,"October 5, 2020"
Native Hawaiian or Pacific Islander ,0,4,1,5,"October 5, 2020"
Multiracial ,0,73,1,74,"October 5, 2020"
Other ,0,83,0,83,"October 5, 2020"
Unknown Ethnicity,5,403,0,403,"October 5, 2020"
"Unknown Race, Non-Hispanic",0,74,0,74,"October 5, 2020"
Missing,10,1427,49,1476,"October 5, 2020"
Suppressed/Inmate,0,,,,"October 5, 2020"
Total,35,8295,1024,9319,"October 5, 2020"
Hispanic/Latino,5,5200,372,5572,"October 2, 2020"
White ,5,832,377,1209,"October 2, 2020"
Asian ,0,86,51,137,"October 2, 2020"
Black/African American ,0,45,145,190,"October 2, 2020"
American Indian/Native Alaskan ,0,5,28,33,"October 2, 2020"
Native Hawaiian or Pacific Islander ,0,3,1,4,"October 2, 2020"
Multiracial ,0,71,1,72,"October 2, 2020"
Other ,0,83,0,83,"October 2, 2020"
Unknown Ethnicity,3,396,0,396,"October 2, 2020"
"Unknown Race, Non-Hispanic",0,74,0,74,"October 2, 2020"
Missing,13,1430,49,1474,"October 2, 2020"
Suppressed/Inmate,0,,,,"October 2, 2020"
Total,26,8225,1024,9249,"October 2, 2020"
Hispanic/Latino,9,5191,372,5563,"October 1, 2020"
White ,1,827,377,1204,"October 1, 2020"
Asian ,0,85,51,136,"October 1, 2020"
Black/African American ,0,45,145,190,"October 1, 2020"
American Indian/Native Alaskan ,0,5,28,33,"October 1, 2020"
Native Hawaiian or Pacific Islander ,0,3,1,4,"October 1, 2020"
Multiracial ,0,69,1,70,"October 1, 2020"
Other ,0,83,0,83,"October 1, 2020"
Unknown Ethnicity,2,392,0,392,"October 1, 2020"
"Unknown Race, Non-Hispanic",0,74,0,74,"October 1, 2020"
Missing,14,1425,49,1474,"October 1, 2020"
Suppressed/Inmate,0,,,,"October 1, 2020"
Total,26,8199,1024,9223,"October 1, 2020"
Hispanic/Latino,17,5167,372,5539,"September 30, 2020"
White ,3,821,377,1198,"September 30, 2020"
Asian ,1,85,51,135,"September 30, 2020"
Black/African American ,0,45,145,190,"September 30, 2020"
American Indian/Native Alaskan ,1,5,28,33,"September 30, 2020"
Native Hawaiian or Pacific Islander ,0,3,1,4,"September 30, 2020"
Multiracial ,0,67,1,68,"September 30, 2020"
Other ,1,83,0,83,"September 30, 2020"
Unknown Ethnicity,6,395,0,395,"September 30, 2020"
"Unknown Race, Non-Hispanic",0,76,0,76,"September 30, 2020"
Missing,5,1426,49,1475,"September 30, 2020"
Suppressed/Inmate,0,,,,"September 30, 2020"
Total,34,8173,1024,9197,"September 30, 2020"
Hispanic/Latino,14,5119,372,5491,"September 29, 2020"
White ,6,805,377,1182,"September 29, 2020"
Asian ,0,80,51,131,"September 29, 2020"
Black/African American ,0,43,145,188,"September 29, 2020"
American Indian/Native Alaskan ,0,4,28,32,"September 29, 2020"
Native Hawaiian or Pacific Islander ,0,3,1,4,"September 29, 2020"
Multiracial ,0,67,1,68,"September 29, 2020"
Other ,0,82,0,82,"September 29, 2020"
Unknown Ethnicity,3,394,0,394,"September 29, 2020"
"Unknown Race, Non-Hispanic",0,77,0,77,"September 29, 2020"
Missing,9,1436,49,1485,"September 29, 2020"
Suppressed/Inmate,0,,,,"September 29, 2020"
Total,32,8140,1024,9164,"September 29, 2020"
Hispanic/Latino,4,5119,372,5491,"September 28, 2020"
White ,9,805,377,1182,"September 28, 2020"
Asian ,1,79,51,130,"September 28, 2020"
Black/African American ,0,43,145,188,"September 28, 2020"
American Indian/Native Alaskan ,0,4,28,32,"September 28, 2020"
Native Hawaiian or Pacific Islander ,0,3,1,4,"September 28, 2020"
Multiracial ,0,67,1,68,"September 28, 2020"
Other ,1,82,0,82,"September 28, 2020"
Unknown Ethnicity,3,391,0,391,"September 28, 2020"
"Unknown Race, Non-Hispanic",0,78,0,78,"September 28, 2020"
Missing,12,1438,49,1487,"September 28, 2020"
Suppressed/Inmate,0,,,,"September 28, 2020"
Total,30,8109,1024,9133,"September 28, 2020"
Hispanic/Latino,7,5084,372,5456,"September 25, 2020"
White ,4,784,377,1161,"September 25, 2020"
Asian ,0,75,51,126,"September 25, 2020"
Black/African American ,0,43,145,188,"September 25, 2020"
American Indian/Native Alaskan ,0,4,28,32,"September 25, 2020"
Native Hawaiian or Pacific Islander ,0,3,1,4,"September 25, 2020"
Multiracial ,0,64,1,65,"September 25, 2020"
Other ,1,82,0,82,"September 25, 2020"
Unknown Ethnicity,1,386,0,386,"September 25, 2020"
"Unknown Race, Non-Hispanic",0,75,0,75,"September 25, 2020"
Missing,22,1413,49,1462,"September 25, 2020"
Suppressed/Inmate,0,,,,"September 25, 2020"
Total,35,8013,1024,9037,"September 25, 2020"
Hispanic/Latino,10,3034,372,3406,"September 24, 2020"
"White, Non-Hispanic",2,518,377,895,"September 24, 2020"
"Asian, Non-Hispanic",0,42,51,93,"September 24, 2020"
"Black/African American, Non-Hispanic",0,23,145,168,"September 24, 2020"
"American Indian/Native Alaskan, Non-Hispanic",0,8,28,36,"September 24, 2020"
"Native Hawaiian or Pacific Islander, Non-Hispanic",0,4,1,5,"September 24, 2020"
"Multiracial, Non-Hispanic",0,12,1,13,"September 24, 2020"
"Other, Non-Hispanic",0,53,0,53,"September 24, 2020"
Unknown Ethnicity,5,565,0,565,"September 24, 2020"
"Unknown Race, Non-Hispanic",0,117,0,117,"September 24, 2020"
Missing,13,3603,49,3652,"September 24, 2020"
Suppressed/Inmate,0,,,,"September 24, 2020"
Total,30,7979,1024,9003,"September 24, 2020"
Hispanic/Latino,3,3020,372,3392,"September 23, 2020"
"White, Non-Hispanic",3,516,377,893,"September 23, 2020"
"Asian, Non-Hispanic",0,42,51,93,"September 23, 2020"
"Black/African American, Non-Hispanic",0,23,145,168,"September 23, 2020"
"American Indian/Native Alaskan, Non-Hispanic",0,8,28,36,"September 23, 2020"
"Native Hawaiian or Pacific Islander, Non-Hispanic",0,4,1,5,"September 23, 2020"
"Multiracial, Non-Hispanic",0,12,1,13,"September 23, 2020"
"Other, Non-Hispanic",0,53,0,53,"September 23, 2020"
Unknown Ethnicity,2,558,0,558,"September 23, 2020"
"Unknown Race, Non-Hispanic",1,117,0,117,"September 23, 2020"
Missing,13,3591,49,3640,"September 23, 2020"
Suppressed/Inmate,0,,,,"September 23, 2020"
Total,22,7949,1024,8973,"September 23, 2020"
Hispanic/Latino,6,3020,372,3392,"September 22, 2020"
"White, Non-Hispanic",1,514,377,891,"September 22, 2020"
"Asian, Non-Hispanic",0,42,51,93,"September 22, 2020"
"Black/African American, Non-Hispanic",1,23,145,168,"September 22, 2020"
"American Indian/Native Alaskan, Non-Hispanic",0,8,28,36,"September 22, 2020"
"Native Hawaiian or Pacific Islander, Non-Hispanic",0,4,1,5,"September 22, 2020"
"Multiracial, Non-Hispanic",0,12,1,13,"September 22, 2020"
"Other, Non-Hispanic",0,53,0,53,"September 22, 2020"
Unknown Ethnicity,3,558,0,558,"September 22, 2020"
"Unknown Race, Non-Hispanic",1,116,0,116,"September 22, 2020"
Missing,13,3578,49,3627,"September 22, 2020"
Suppressed/Inmate,0,,,,"September 22, 2020"
Total,25,7928,1024,8952,"September 22, 2020"
Hispanic/Latino,7,3014,372,3386,"September 21, 2020"
"White, Non-Hispanic",1,514,377,891,"September 21, 2020"
"Asian, Non-Hispanic",0,42,51,93,"September 21, 2020"
"Black/African American, Non-Hispanic",1,22,145,167,"September 21, 2020"
"American Indian/Native Alaskan, Non-Hispanic",0,8,28,36,"September 21, 2020"
"Native Hawaiian or Pacific Islander, Non-Hispanic",0,4,1,5,"September 21, 2020"
"Multiracial, Non-Hispanic",0,12,1,13,"September 21, 2020"
"Other, Non-Hispanic",1,53,0,53,"September 21, 2020"
Unknown Ethnicity,2,555,0,555,"September 21, 2020"
"Unknown Race, Non-Hispanic",0,115,0,115,"September 21, 2020"
Missing,17,3567,49,3616,"September 21, 2020"
Suppressed/Inmate,0,,,,"September 21, 2020"
Total,29,7906,1024,8930,"September 21, 2020"
Hispanic/Latino,14,2989,372,3361,"September 18, 2020"
"White, Non-Hispanic",5,510,377,887,"September 18, 2020"
"Asian, Non-Hispanic",0,42,51,93,"September 18, 2020"
"Black/African American, Non-Hispanic",1,20,145,165,"September 18, 2020"
"American Indian/Native Alaskan, Non-Hispanic",0,8,28,36,"September 18, 2020"
"Native Hawaiian or Pacific Islander, Non-Hispanic",0,4,1,5,"September 18, 2020"
"Multiracial, Non-Hispanic",0,12,1,13,"September 18, 2020"
"Other, Non-Hispanic",0,52,0,52,"September 18, 2020"
Unknown Ethnicity,2,548,1,5496,"September 18, 2020"
"Unknown Race, Non-Hispanic",0,113,0,113,"September 18, 2020"
Missing,19,3522,50,3572,"September 18, 2020"
Suppressed/Inmate,2,,,,"September 18, 2020"
Total,43,7820,1026,8846,"September 18, 2020"
Hispanic/Latino,7,2975,372,3347,"September 17, 2020"
"White, Non-Hispanic",0,505,377,882,"September 17, 2020"
"Asian, Non-Hispanic",1,42,51,93,"September 17, 2020"
"Black/African American, Non-Hispanic",0,19,145,164,"September 17, 2020"
"American Indian/Native Alaskan, Non-Hispanic",0,8,28,36,"September 17, 2020"
"Native Hawaiian or Pacific Islander, Non-Hispanic",0,4,1,5,"September 17, 2020"
"Multiracial, Non-Hispanic",0,12,1,13,"September 17, 2020"
"Other, Non-Hispanic",0,52,0,52,"September 17, 2020"
Unknown Ethnicity,7,546,0,546,"September 17, 2020"
"Unknown Race, Non-Hispanic",0,113,0,113,"September 17, 2020"
Missing,4,3503,49,3552,"September 17, 2020"
Suppressed/Inmate,0,,,,"September 17, 2020"
Total,19,7779,1024,8803,"September 17, 2020"
Hispanic/Latino,6,2949,372,3321,"September 16, 2020"
"White, Non-Hispanic",6,495,377,872,"September 16, 2020"
"Asian, Non-Hispanic",0,37,51,88,"September 16, 2020"
"Black/African American, Non-Hispanic",0,19,145,164,"September 16, 2020"
"American Indian/Native Alaskan, Non-Hispanic",0,7,28,35,"September 16, 2020"
"Native Hawaiian or Pacific Islander, Non-Hispanic",0,4,1,5,"September 16, 2020"
"Multiracial, Non-Hispanic",0,12,1,13,"September 16, 2020"
"Other, Non-Hispanic",1,52,0,52,"September 16, 2020"
Unknown Ethnicity,1,543,0,543,"September 16, 2020"
"Unknown Race, Non-Hispanic",2,114,0,114,"September 16, 2020"
Missing,28,3529,49,3578,"September 16, 2020"
Suppressed/Inmate,0,,,,"September 16, 2020"
Total,44,7761,1024,8785,"September 16, 2020"
Hispanic/Latino,7,2943,372,3315,"September 15, 2020"
"White, Non-Hispanic",2,489,377,866,"September 15, 2020"
"Asian, Non-Hispanic",0,37,51,88,"September 15, 2020"
"Black/African American, Non-Hispanic",0,19,145,164,"September 15, 2020"
"American Indian/Native Alaskan, Non-Hispanic",0,7,28,35,"September 15, 2020"
"Native Hawaiian or Pacific Islander, Non-Hispanic",0,4,1,5,"September 15, 2020"
"Multiracial, Non-Hispanic",0,12,1,13,"September 15, 2020"
"Other, Non-Hispanic",0,51,0,51,"September 15, 2020"
Unknown Ethnicity,2,542,0,542,"September 15, 2020"
"Unknown Race, Non-Hispanic",1,112,0,112,"September 15, 2020"
Missing,14,3501,49,3550,"September 15, 2020"
Suppressed/Inmate,0,,,,"September 15, 2020"
Total,26,7717,1024,8741,"September 15, 2020"
Hispanic/Latino,4,2936,372,3308,"September 14, 2020"
"White, Non-Hispanic",2,488,377,865,"September 14, 2020"
"Asian, Non-Hispanic",0,37,51,88,"September 14, 2020"
"Black/African American, Non-Hispanic",0,19,145,164,"September 14, 2020"
"American Indian/Native Alaskan, Non-Hispanic",0,7,28,35,"September 14, 2020"
"Native Hawaiian or Pacific Islander, Non-Hispanic",0,4,1,5,"September 14, 2020"
"Multiracial, Non-Hispanic",0,12,1,13,"September 14, 2020"
"Other, Non-Hispanic",0,51,0,51,"September 14, 2020"
Unknown Ethnicity,2,540,0,540,"September 14, 2020"
"Unknown Race, Non-Hispanic",0,111,0,111,"September 14, 2020"
Missing,15,3489,49,3538,"September 14, 2020"
Suppressed/Inmate,0,,,,"September 14, 2020"
Total,23,7694,1024,8718,"September 14, 2020"
Hispanic/Latino,8,2903,372,3275,"September 11, 2020"
"White, Non-Hispanic",3,481,377,858,"September 11, 2020"
"Asian, Non-Hispanic",0,34,51,85,"September 11, 2020"
"Black/African American, Non-Hispanic",0,19,145,164,"September 11, 2020"
"American Indian/Native Alaskan, Non-Hispanic",0,7,28,35,"September 11, 2020"
"Native Hawaiian or Pacific Islander, Non-Hispanic",0,4,1,5,"September 11, 2020"
"Multiracial, Non-Hispanic",0,11,1,12,"September 11, 2020"
"Other, Non-Hispanic",0,51,0,51,"September 11, 2020"
Unknown Ethnicity,6,534,0,534,"September 11, 2020"
"Unknown Race, Non-Hispanic",0,109,0,109,"September 11, 2020"
Missing,13,3431,49,3480,"September 11, 2020"
Suppressed/Inmate,0,,,,"September 11, 2020"
Total,30,7584,1024,8608,"September 11, 2020"
Hispanic/Latino,9,2895,372,3267,"September 10, 2020"
"White, Non-Hispanic",5,478,377,855,"September 10, 2020"
"Asian, Non-Hispanic",0,34,51,85,"September 10, 2020"
"Black/African American, Non-Hispanic",0,19,145,164,"September 10, 2020"
"American Indian/Native Alaskan, Non-Hispanic",0,7,28,35,"September 10, 2020"
"Native Hawaiian or Pacific Islander, Non-Hispanic",0,4,1,5,"September 10, 2020"
"Multiracial, Non-Hispanic",0,11,1,12,"September 10, 2020"
"Other, Non-Hispanic",0,51,0,51,"September 10, 2020"
Unknown Ethnicity,3,528,0,528,"September 10, 2020"
"Unknown Race, Non-Hispanic",0,109,0,109,"September 10, 2020"
Missing,13,3419,49,3468,"September 10, 2020"
Suppressed/Inmate,0,,,,"September 10, 2020"
Total,30,7555,1024,8579,"September 10, 2020"
Hispanic/Latino,11,2886,372,3258,"September 9, 2020"
"White, Non-Hispanic",6,473,377,850,"September 9, 2020"
"Asian, Non-Hispanic",0,34,51,85,"September 9, 2020"
"Black/African American, Non-Hispanic",0,19,145,164,"September 9, 2020"
"American Indian/Native Alaskan, Non-Hispanic",0,7,28,35,"September 9, 2020"
"Native Hawaiian or Pacific Islander, Non-Hispanic",0,4,1,5,"September 9, 2020"
"Multiracial, Non-Hispanic",0,11,1,12,"September 9, 2020"
"Other, Non-Hispanic",0,51,0,51,"September 9, 2020"
Unknown Ethnicity,8,525,0,525,"September 9, 2020"
"Unknown Race, Non-Hispanic",1,109,0,109,"September 9, 2020"
Missing,24,3407,49,3456,"September 9, 2020"
Suppressed/Inmate,1,,,,"September 9, 2020"
Total,51,7526,1024,8550,"September 9, 2020"
Hispanic/Latino,1,2875,372,3247,"September 8, 2020"
"White, Non-Hispanic",1,467,377,844,"September 8, 2020"
"Asian, Non-Hispanic",0,34,51,85,"September 8, 2020"
"Black/African American, Non-Hispanic",0,19,145,164,"September 8, 2020"
"American Indian/Native Alaskan, Non-Hispanic",0,7,28,35,"September 8, 2020"
"Native Hawaiian or Pacific Islander, Non-Hispanic",0,4,1,5,"September 8, 2020"
"Multiracial, Non-Hispanic",0,11,1,12,"September 8, 2020"
"Other, Non-Hispanic",0,51,0,51,"September 8, 2020"
Unknown Ethnicity,0,517,0,517,"September 8, 2020"
"Unknown Race, Non-Hispanic",0,108,0,108,"September 8, 2020"
Missing,1,3383,48,3431,"September 8, 2020"
Suppressed/Inmate,0,,,,"September 8, 2020"
Total,3,7476,1023,8499,"September 8, 2020"
Hispanic/Latino,18,2845,372,3217,"September 4, 2020"
"White, Non-Hispanic",1,450,377,827,"September 4, 2020"
"Asian, Non-Hispanic",0,33,51,84,"September 4, 2020"
"Black/African American, Non-Hispanic",1,19,145,164,"September 4, 2020"
"American Indian/Native Alaskan, Non-Hispanic",0,7,28,35,"September 4, 2020"
"Native Hawaiian or Pacific Islander, Non-Hispanic",0,4,1,5,"September 4, 2020"
"Multiracial, Non-Hispanic",0,11,1,12,"September 4, 2020"
"Other, Non-Hispanic",0,51,0,51,"September 4, 2020"
Unknown Ethnicity,3,507,0,507,"September 4, 2020"
"Unknown Race, Non-Hispanic",0,106,0,106,"September 4, 2020"
Missing,41,3305,48,3353,"September 4, 2020"
Suppressed/Inmate,0,,,,"September 4, 2020"
Total,64,7338,1023,8361,"September 4, 2020"
Hispanic/Latino,21,2827,372,3199,"September 3, 2020"
"White, Non-Hispanic",2,449,377,826,"September 3, 2020"
"Asian, Non-Hispanic",0,33,51,84,"September 3, 2020"
"Black/African American, Non-Hispanic",0,18,145,163,"September 3, 2020"
"American Indian/Native Alaskan, Non-Hispanic",0,7,28,35,"September 3, 2020"
"Native Hawaiian or Pacific Islander, Non-Hispanic",0,4,1,5,"September 3, 2020"
"Multiracial, Non-Hispanic",0,11,1,12,"September 3, 2020"
"Other, Non-Hispanic",0,51,0,51,"September 3, 2020"
Unknown Ethnicity,1,505,0,505,"September 3, 2020"
"Unknown Race, Non-Hispanic",1,106,0,106,"September 3, 2020"
Missing,45,3266,48,3314,"September 3, 2020"
Suppressed/Inmate,1,,,,"September 3, 2020"
Total,71,7277,1023,8300,"September 3, 2020"
Hispanic/Latino,20,2806,372,3178,"September 2, 2020"
"White, Non-Hispanic",5,447,377,824,"September 2, 2020"
"Asian, Non-Hispanic",0,33,51,84,"September 2, 2020"
"Black/African American, Non-Hispanic",0,18,145,163,"September 2, 2020"
"American Indian/Native Alaskan, Non-Hispanic",0,7,28,35,"September 2, 2020"
"Native Hawaiian or Pacific Islander, Non-Hispanic",0,4,1,5,"September 2, 2020"
"Multiracial, Non-Hispanic",0,11,1,12,"September 2, 2020"
"Other, Non-Hispanic",0,51,0,51,"September 2, 2020"
Unknown Ethnicity,2,504,0,504,"September 2, 2020"
"Unknown Race, Non-Hispanic",0,105,0,105,"September 2, 2020"
Missing,39,3221,47,3268,"September 2, 2020"
Suppressed/Inmate,0,,,,"September 2, 2020"
Total,66,7207,1022,8229,"September 2, 2020"
Hispanic/Latino,9,2786,372,3158,"September 1, 2020"
"White, Non-Hispanic",0,442,377,819,"September 1, 2020"
"Asian, Non-Hispanic",0,33,51,84,"September 1, 2020"
"Black/African American, Non-Hispanic",0,18,145,163,"September 1, 2020"
"American Indian/Native Alaskan, Non-Hispanic",0,7,28,35,"September 1, 2020"
"Native Hawaiian or Pacific Islander, Non-Hispanic",0,4,1,5,"September 1, 2020"
"Multiracial, Non-Hispanic",0,11,1,12,"September 1, 2020"
"Other, Non-Hispanic",1,51,0,51,"September 1, 2020"
Unknown Ethnicity,2,502,0,502,"September 1, 2020"
"Unknown Race, Non-Hispanic",0,105,0,105,"September 1, 2020"
Missing,8,3183,47,3230,"September 1, 2020"
Suppressed/Inmate,3,,,,"September 1, 2020"
Total,23,7142,1022,8164,"September 1, 2020"
Hispanic/Latino,5,2778,372,3150,"August 31, 2020"
"White, Non-Hispanic",1,442,377,819,"August 31, 2020"
"Asian, Non-Hispanic",0,33,51,84,"August 31, 2020"
"Black/African American, Non-Hispanic",0,18,145,163,"August 31, 2020"
"American Indian/Native Alaskan, Non-Hispanic",0,7,28,35,"August 31, 2020"
"Native Hawaiian or Pacific Islander, Non-Hispanic",0,4,1,5,"August 31, 2020"
"Multiracial, Non-Hispanic",1,11,1,12,"August 31, 2020"
"Other, Non-Hispanic",0,50,0,50,"August 31, 2020"
Unknown Ethnicity,2,500,0,500,"August 31, 2020"
"Unknown Race, Non-Hispanic",0,105,0,105,"August 31, 2020"
Missing,37,3176,44,3220,"August 31, 2020"
Suppressed,0,,,0,"August 31, 2020"
Total,46,7124,1019,8143,"August 31, 2020"
Hispanic/Latino,24,2763,372,3135,"August 28, 2020"
"White, Non-Hispanic",4,436,377,813,"August 28, 2020"
"Asian, Non-Hispanic",1,33,51,84,"August 28, 2020"
"Black/African American, Non-Hispanic",0,18,145,163,"August 28, 2020"
"American Indian/Native Alaskan, Non-Hispanic",0,7,28,35,"August 28, 2020"
"Native Hawaiian or Pacific Islander, Non-Hispanic",0,4,1,5,"August 28, 2020"
"Multiracial, Non-Hispanic",0,10,1,11,"August 28, 2020"
"Other, Non-Hispanic",0,49,0,49,"August 28, 2020"
Unknown Ethnicity,8,491,0,491,"August 28, 2020"
"Unknown Race, Non-Hispanic",2,105,0,105,"August 28, 2020"
Missing,28,3079,44,3123,"August 28, 2020"
Suppressed,0,,,0,"August 28, 2020"
Total,67,6995,1019,8014,"August 28, 2020"
Hispanic/Latino,11,2739,372,3111,"August 27, 2020"
"White, Non-Hispanic",2,432,377,809,"August 27, 2020"
"Asian, Non-Hispanic",1,32,51,83,"August 27, 2020"
"Black/African American, Non-Hispanic",0,18,145,163,"August 27, 2020"
"American Indian/Native Alaskan, Non-Hispanic",0,7,28,35,"August 27, 2020"
"Native Hawaiian or Pacific Islander, Non-Hispanic",0,4,1,5,"August 27, 2020"
"Multiracial, Non-Hispanic",0,10,1,11,"August 27, 2020"
"Other, Non-Hispanic",1,49,0,49,"August 27, 2020"
Unknown Ethnicity,5,485,0,485,"August 27, 2020"
"Unknown Race, Non-Hispanic",0,103,0,103,"August 27, 2020"
Missing,15,3053,44,3097,"August 27, 2020"
Suppressed,0,,,0,"August 27, 2020"
Total,35,6932,1019,7951,"August 27, 2020"
Hispanic/Latino,10,2728,372,3100,"August 26, 2020"
"White, Non-Hispanic",2,430,377,807,"August 26, 2020"
"Asian, Non-Hispanic",1,31,51,82,"August 26, 2020"
"Black/African American, Non-Hispanic",0,18,145,163,"August 26, 2020"
"American Indian/Native Alaskan, Non-Hispanic",0,7,28,35,"August 26, 2020"
"Native Hawaiian or Pacific Islander, Non-Hispanic",0,4,1,5,"August 26, 2020"
"Multiracial, Non-Hispanic",0,10,1,11,"August 26, 2020"
"Other, Non-Hispanic",2,48,0,48,"August 26, 2020"
Unknown Ethnicity,4,480,0,480,"August 26, 2020"
"Unknown Race, Non-Hispanic",3,103,0,103,"August 26, 2020"
Missing,26,3038,44,3082,"August 26, 2020"
Suppressed,0,,,0,"August 26, 2020"
Total,47,6897,1019,7916,"August 26, 2020"
Hispanic/Latino,15,2718,372,3090,"August 25, 2020"
"White, Non-Hispanic",6,428,377,805,"August 25, 2020"
"Asian, Non-Hispanic",1,31,51,82,"August 25, 2020"
"Black/African American, Non-Hispanic",0,18,145,163,"August 25, 2020"
"American Indian/Native Alaskan, Non-Hispanic",0,7,28,35,"August 25, 2020"
"Native Hawaiian or Pacific Islander, Non-Hispanic",0,4,1,5,"August 25, 2020"
"Multiracial, Non-Hispanic",0,10,1,11,"August 25, 2020"
"Other, Non-Hispanic",0,46,0,46,"August 25, 2020"
Unknown Ethnicity,5,476,0,476,"August 25, 2020"
"Unknown Race, Non-Hispanic",0,100,0,100,"August 25, 2020"
Missing,43,3012,44,3056,"August 25, 2020"
Suppressed,0,,,0,"August 25, 2020"
Total,70,6850,1019,7869,"August 25, 2020"
Hispanic/Latino,15,2718,372,3090,"August 25, 2020"
"White, Non-Hispanic",6,428,377,805,"August 25, 2020"
"Asian, Non-Hispanic",1,31,51,82,"August 25, 2020"
"Black/African American, Non-Hispanic",0,18,145,163,"August 25, 2020"
"American Indian/Native Alaskan, Non-Hispanic",0,7,28,35,"August 25, 2020"
"Native Hawaiian or Pacific Islander, Non-Hispanic",0,4,1,5,"August 25, 2020"
"Multiracial, Non-Hispanic",0,10,1,11,"August 25, 2020"
"Other, Non-Hispanic",0,46,0,46,"August 25, 2020"
Unknown Ethnicity,5,476,0,476,"August 25, 2020"
"Unknown Race, Non-Hispanic",0,100,0,100,"August 25, 2020"
Missing,43,3012,44,3056,"August 25, 2020"
Suppressed,0,,,0,"August 25, 2020"
Total,70,6850,1019,7869,"August 25, 2020"
Hispanic/Latino,6,2703,372,3075,"August 24, 2020"
"White, Non-Hispanic",4,422,377,799,"August 24, 2020"
"Asian, Non-Hispanic",0,30,51,81,"August 24, 2020"
"Black/African American, Non-Hispanic",0,18,145,163,"August 24, 2020"
"American Indian/Native Alaskan, Non-Hispanic",0,7,28,35,"August 24, 2020"
"Native Hawaiian or Pacific Islander, Non-Hispanic",0,4,1,5,"August 24, 2020"
"Multiracial, Non-Hispanic",0,10,1,11,"August 24, 2020"
"Other, Non-Hispanic",0,46,0,46,"August 24, 2020"
Unknown Ethnicity,6,471,0,471,"August 24, 2020"
"Unknown Race, Non-Hispanic",0,100,0,100,"August 24, 2020"
Missing,45,2970,44,3014,"August 24, 2020"
Suppressed,0,,,0,"August 24, 2020"
Total,61,6781,1019,7800,"August 24, 2020"
Hispanic/Latino,24,2682,372,3054,"August 21, 2020"
"White, Non-Hispanic",8,410,377,787,"August 21, 2020"
"Asian, Non-Hispanic",0,28,51,79,"August 21, 2020"
"Black/African American, Non-Hispanic",0,18,145,163,"August 21, 2020"
"American Indian/Native Alaskan, Non-Hispanic",0,7,28,35,"August 21, 2020"
"Native Hawaiian or Pacific Islander, Non-Hispanic",0,4,1,5,"August 21, 2020"
"Multiracial, Non-Hispanic",0,10,1,11,"August 21, 2020"
"Other, Non-Hispanic",1,46,0,46,"August 21, 2020"
Unknown Ethnicity,5,459,0,459,"August 21, 2020"
"Unknown Race, Non-Hispanic",0,94,0,94,"August 21, 2020"
Missing,43,2876,44,2920,"August 21, 2020"
Suppressed,0,,,0,"August 21, 2020"
Total,81,6634,1019,7653,"August 21, 2020"
Hispanic/Latino,28,2658,372,3030,"August 20, 2020"
"White, Non-Hispanic",7,402,377,779,"August 20, 2020"
"Asian, Non-Hispanic",0,28,51,79,"August 20, 2020"
"Black/African American, Non-Hispanic",0,18,145,163,"August 20, 2020"
"American Indian/Native Alaskan, Non-Hispanic",0,7,28,35,"August 20, 2020"
"Native Hawaiian or Pacific Islander, Non-Hispanic",0,4,1,5,"August 20, 2020"
"Multiracial, Non-Hispanic",0,10,1,11,"August 20, 2020"
"Other, Non-Hispanic",1,45,0,45,"August 20, 2020"
Unknown Ethnicity,3,454,0,454,"August 20, 2020"
"Unknown Race, Non-Hispanic",3,94,0,94,"August 20, 2020"
Missing,29,2839,44,2883,"August 20, 2020"
Suppressed,0,,,0,"August 20, 2020"
Total,71,6559,1019,7578,"August 20, 2020"
Hispanic/Latino,11,2627,372,2999,"August 19, 2020"
"White, Non-Hispanic",1,394,377,771,"August 19, 2020"
"Asian, Non-Hispanic",0,28,51,79,"August 19, 2020"
"Black/African American, Non-Hispanic",0,18,145,163,"August 19, 2020"
"American Indian/Native Alaskan, Non-Hispanic",0,7,28,35,"August 19, 2020"
"Native Hawaiian or Pacific Islander, Non-Hispanic",0,4,1,5,"August 19, 2020"
"Multiracial, Non-Hispanic",0,10,1,11,"August 19, 2020"
"Other, Non-Hispanic",0,44,0,44,"August 19, 2020"
Unknown Ethnicity,2,451,0,451,"August 19, 2020"
"Unknown Race, Non-Hispanic",1,91,0,91,"August 19, 2020"
Missing,12,2815,44,2859,"August 19, 2020"
Suppressed,0,,,0,"August 19, 2020"
Total,27,6489,1019,7508,"August 19, 2020"
Hispanic/Latino,5,2616,372,2988,"August 18, 2020"
"White, Non-Hispanic",0,393,377,770,"August 18, 2020"
"Asian, Non-Hispanic",0,28,51,79,"August 18, 2020"
"Black/African American, Non-Hispanic",0,18,145,163,"August 18, 2020"
"American Indian/Native Alaskan, Non-Hispanic",0,7,28,35,"August 18, 2020"
"Native Hawaiian or Pacific Islander, Non-Hispanic",0,4,1,5,"August 18, 2020"
"Multiracial, Non-Hispanic",0,10,1,11,"August 18, 2020"
"Other, Non-Hispanic",0,44,0,44,"August 18, 2020"
Unknown Ethnicity,0,449,0,449,"August 18, 2020"
"Unknown Race, Non-Hispanic",1,90,0,90,"August 18, 2020"
Missing,23,2803,44,2847,"August 18, 2020"
Suppressed,0,,,0,"August 18, 2020"
Total,29,6462,1019,7481,"August 18, 2020"
Hispanic/Latino,10,2612,372,2984,"August 17, 2020"
"White, Non-Hispanic",2,394,377,771,"August 17, 2020"
"Asian, Non-Hispanic",0,28,51,79,"August 17, 2020"
"Black/African American, Non-Hispanic",0,18,145,163,"August 17, 2020"
"American Indian/Native Alaskan, Non-Hispanic",0,7,28,35,"August 17, 2020"
"Native Hawaiian or Pacific Islander, Non-Hispanic",0,4,1,5,"August 17, 2020"
"Multiracial, Non-Hispanic",0,10,1,11,"August 17, 2020"
"Other, Non-Hispanic",1,44,0,44,"August 17, 2020"
Unknown Ethnicity,3,449,0,449,"August 17, 2020"
"Unknown Race, Non-Hispanic",3,89,0,89,"August 17, 2020"
Missing,57,2780,44,2824,"August 17, 2020"
Suppressed,0,,,0,"August 17, 2020"
Total,76,6435,1019,7454,"August 17, 2020"
Hispanic/Latino,36,2570,372,2942,"August 14, 2020"
"White, Non-Hispanic",5,384,377,761,"August 14, 2020"
"Asian, Non-Hispanic",0,27,51,78,"August 14, 2020"
"Black/African American, Non-Hispanic",0,17,145,162,"August 14, 2020"
"American Indian/Native Alaskan, Non-Hispanic",0,7,28,35,"August 14, 2020"
"Native Hawaiian or Pacific Islander, Non-Hispanic",0,4,1,5,"August 14, 2020"
"Multiracial, Non-Hispanic",0,10,1,11,"August 14, 2020"
"Other, Non-Hispanic",0,43,0,43,"August 14, 2020"
Unknown Ethnicity,10,443,0,443,"August 14, 2020"
"Unknown Race, Non-Hispanic",4,82,0,82,"August 14, 2020"
Missing,82,2668,44,2712,"August 14, 2020"
Suppressed,0,,,0,"August 14, 2020"
Total,137,6255,1019,7274,"August 14, 2020"
Hispanic/Latino,20,2539,372,2911,"August 13, 2020"
"White, Non-Hispanic",8,380,377,757,"August 13, 2020"
"Asian, Non-Hispanic",1,28,51,79,"August 13, 2020"
"Black/African American, Non-Hispanic",0,17,145,162,"August 13, 2020"
"American Indian/Native Alaskan, Non-Hispanic",0,7,28,35,"August 13, 2020"
"Native Hawaiian or Pacific Islander, Non-Hispanic",0,4,1,5,"August 13, 2020"
"Multiracial, Non-Hispanic",0,10,1,11,"August 13, 2020"
"Other, Non-Hispanic",1,43,0,43,"August 13, 2020"
Unknown Ethnicity,8,434,0,434,"August 13, 2020"
"Unknown Race, Non-Hispanic",0,78,0,78,"August 13, 2020"
Missing,37,2589,44,2633,"August 13, 2020"
Suppressed,0,,,0,"August 13, 2020"
Total,75,6129,1019,7148,"August 13, 2020"
Hispanic/Latino,6,2519,372,2891,"August 12, 2020"
"White, Non-Hispanic",1,373,377,750,"August 12, 2020"
"Asian, Non-Hispanic",1,27,51,78,"August 12, 2020"
"Black/African American, Non-Hispanic",0,17,145,162,"August 12, 2020"
"American Indian/Native Alaskan, Non-Hispanic",0,7,28,35,"August 12, 2020"
"Native Hawaiian or Pacific Islander, Non-Hispanic",0,4,1,5,"August 12, 2020"
"Multiracial, Non-Hispanic",0,10,1,11,"August 12, 2020"
"Other, Non-Hispanic",0,42,0,42,"August 12, 2020"
Unknown Ethnicity,1,426,0,426,"August 12, 2020"
"Unknown Race, Non-Hispanic",0,78,0,78,"August 12, 2020"
Missing,7,2561,44,2605,"August 12, 2020"
Suppressed,0,,,0,"August 12, 2020"
Total,16,6064,1019,7083,"August 12, 2020"
Hispanic/Latino,19,2518,372,2890,"August 11, 2020"
"White, Non-Hispanic",5,373,377,750,"August 11, 2020"
"Asian, Non-Hispanic",0,26,51,77,"August 11, 2020"
"Black/African American, Non-Hispanic",0,17,145,162,"August 11, 2020"
"American Indian/Native Alaskan, Non-Hispanic",0,7,28,35,"August 11, 2020"
"Native Hawaiian or Pacific Islander, Non-Hispanic",0,4,1,5,"August 11, 2020"
"Multiracial, Non-Hispanic",0,10,1,11,"August 11, 2020"
"Other, Non-Hispanic",0,42,0,42,"August 11, 2020"
Unknown Ethnicity,7,425,0,425,"August 11, 2020"
"Unknown Race, Non-Hispanic",7,78,0,78,"August 11, 2020"
Missing,40,2555,44,2599,"August 11, 2020"
Suppressed,0,,,0,"August 11, 2020"
Total,78,6055,1019,7074,"August 11, 2020"
Hispanic/Latino,34,2499,372,2871,"August 10, 2020"
"White, Non-Hispanic",12,368,377,745,"August 10, 2020"
"Asian, Non-Hispanic",0,26,51,77,"August 10, 2020"
"Black/African American, Non-Hispanic",1,17,145,162,"August 10, 2020"
"American Indian/Native Alaskan, Non-Hispanic",0,7,28,35,"August 10, 2020"
"Native Hawaiian or Pacific Islander, Non-Hispanic",0,4,1,5,"August 10, 2020"
"Multiracial, Non-Hispanic",1,10,1,11,"August 10, 2020"
"Other, Non-Hispanic",1,42,0,42,"August 10, 2020"
Unknown Ethnicity,11,418,0,418,"August 10, 2020"
"Unknown Race, Non-Hispanic",4,71,0,71,"August 10, 2020"
Missing,123,2515,44,2559,"August 10, 2020"
Suppressed,0,,,0,"August 10, 2020"
Total,187,5977,1019,6996,"August 10, 2020"
Hispanic/Latino,19,2442,372,2814,"August 7, 2020"
"White, Non-Hispanic",4,349,377,726,"August 7, 2020"
"Asian, Non-Hispanic",1,25,51,76,"August 7, 2020"
"Black/African American, Non-Hispanic",1,16,145,161,"August 7, 2020"
"American Indian/Native Alaskan, Non-Hispanic",0,7,28,35,"August 7, 2020"
"Native Hawaiian or Pacific Islander, Non-Hispanic",1,4,1,5,"August 7, 2020"
"Multiracial, Non-Hispanic",0,8,1,9,"August 7, 2020"
"Other, Non-Hispanic",2,40,0,40,"August 7, 2020"
Unknown Ethnicity,3,408,0,408,"August 7, 2020"
"Unknown Race, Non-Hispanic",1,64,0,64,"August 7, 2020"
Missing,26,2322,44,2366,"August 7, 2020"
Suppressed,0,,,0,"August 7, 2020"
Total,58,5685,1019,6704,"August 7, 2020"
Hispanic/Latino,39,2425,373,2798,"August 6, 2020"
"White, Non-Hispanic",9,347,377,724,"August 6, 2020"
"Asian, Non-Hispanic",1,24,51,75,"August 6, 2020"
"Black/African American, Non-Hispanic",0,15,145,160,"August 6, 2020"
"American Indian/Native Alaskan, Non-Hispanic",1,7,28,35,"August 6, 2020"
"Native Hawaiian or Pacific Islander, Non-Hispanic",0,3,1,4,"August 6, 2020"
"Multiracial, Non-Hispanic",0,8,1,9,"August 6, 2020"
"Other, Non-Hispanic",1,38,0,38,"August 6, 2020"
Unknown Ethnicity,8,405,0,405,"August 6, 2020"
"Unknown Race, Non-Hispanic",3,63,0,63,"August 6, 2020"
Missing,15,2298,43,2341,"August 6, 2020"
Suppressed,0,,,0,"August 6, 2020"
Total,77,5633,1019,6652,"August 6, 2020"
Hispanic/Latino,24,2390,373,2763,"August 5, 2020"
"White, Non-Hispanic",2,338,377,715,"August 5, 2020"
"Asian, Non-Hispanic",0,23,51,74,"August 5, 2020"
"Black/African American, Non-Hispanic",0,15,145,160,"August 5, 2020"
"American Indian/Native Alaskan, Non-Hispanic",1,6,28,34,"August 5, 2020"
"Native Hawaiian or Pacific Islander, Non-Hispanic",0,3,1,4,"August 5, 2020"
"Multiracial, Non-Hispanic",0,8,1,9,"August 5, 2020"
"Other, Non-Hispanic",0,37,0,37,"August 5, 2020"
Unknown Ethnicity,8,398,0,398,"August 5, 2020"
"Unknown Race, Non-Hispanic",2,60,0,60,"August 5, 2020"
Missing,23,2289,43,2332,"August 5, 2020"
Suppressed,0,,,0,"August 5, 2020"
Total,60,5567,1019,6586,"August 5, 2020"
Hispanic/Latino,18,2366,373,2739,"August 4, 2020"
"White, Non-Hispanic",5,336,377,713,"August 4, 2020"
"Asian, Non-Hispanic",1,23,51,74,"August 4, 2020"
"Black/African American, Non-Hispanic",0,15,145,160,"August 4, 2020"
"American Indian/Native Alaskan, Non-Hispanic",0,5,28,33,"August 4, 2020"
"Native Hawaiian or Pacific Islander, Non-Hispanic",0,3,1,4,"August 4, 2020"
"Multiracial, Non-Hispanic",0,8,1,9,"August 4, 2020"
"Other, Non-Hispanic",0,37,0,37,"August 4, 2020"
Unknown Ethnicity,2,390,0,390,"August 4, 2020"
"Unknown Race, Non-Hispanic",3,58,0,58,"August 4, 2020"
Missing,33,2266,43,2309,"August 4, 2020"
Suppressed,0,,,0,"August 4, 2020"
Total,62,5507,1019,6526,"August 4, 2020"
Hispanic/Latino,0,2348,373,2721,"August 3, 2020"
"White, Non-Hispanic",0,317,377,708,"August 3, 2020"
"Asian, Non-Hispanic",0,22,51,73,"August 3, 2020"
"Black/African American, Non-Hispanic",0,15,145,160,"August 3, 2020"
"American Indian/Native Alaskan, Non-Hispanic",0,5,28,33,"August 3, 2020"
"Native Hawaiian or Pacific Islander, Non-Hispanic",0,3,1,4,"August 3, 2020"
"Multiracial, Non-Hispanic",0,8,1,9,"August 3, 2020"
"Other, Non-Hispanic",0,37,0,37,"August 3, 2020"
Unknown Ethnicity,14,388,0,388,"August 3, 2020"
"Unknown Race, Non-Hispanic",0,55,0,55,"August 3, 2020"
Missing,17,2233,35,2272,"August 3, 2020"
Suppressed,0,,,0,"August 3, 2020"
Total,31,5445,1019,6464,"August 3, 2020"
Hispanic/Latino,38,2224,373,2597,"July 31, 2020"
"White, Non-Hispanic",4,317,378,695,"July 31, 2020"
"Asian, Non-Hispanic",0,22,51,73,"July 31, 2020"
"Black/African American, Non-Hispanic",0,15,145,160,"July 31, 2020"
"American Indian/Native Alaskan, Non-Hispanic",0,5,28,33,"July 31, 2020"
"Native Hawaiian or Pacific Islander, Non-Hispanic",0,3,1,4,"July 31, 2020"
"Multiracial, Non-Hispanic",0,9,0,9,"July 31, 2020"
"Other, Non-Hispanic",0,36,0,36,"July 31, 2020"
Unknown Ethnicity,3,341,0,341,"July 31, 2020"
"Unknown Race, Non-Hispanic",0,54,0,54,"July 31, 2020"
Missing,29,2130,35,2165,"July 31, 2020"
Suppressed,0,,,0,"July 31, 2020"
Total,74,5156,1011,6167,"July 31, 2020"
Hispanic/Latino,30,2186,373,2559,"July 30, 2020"
"White, Non-Hispanic",2,313,378,691,"July 30, 2020"
"Asian, Non-Hispanic",0,22,51,73,"July 30, 2020"
"Black/African American, Non-Hispanic",0,15,145,160,"July 30, 2020"
"American Indian/Native Alaskan, Non-Hispanic",0,5,28,33,"July 30, 2020"
"Native Hawaiian or Pacific Islander, Non-Hispanic",0,3,1,4,"July 30, 2020"
"Multiracial, Non-Hispanic",0,9,0,9,"July 30, 2020"
"Other, Non-Hispanic",0,36,0,36,"July 30, 2020"
Unknown Ethnicity,8,338,0,338,"July 30, 2020"
"Unknown Race, Non-Hispanic",0,54,0,54,"July 30, 2020"
Missing,33,2102,35,2137,"July 30, 2020"
Suppressed,0,,,0,"July 30, 2020"
Total,73,5083,1011,6094,"July 30, 2020"
Hispanic/Latino,30,2156,373,2529,"July 29, 2020"
"White, Non-Hispanic",5,311,378,689,"July 29, 2020"
"Asian, Non-Hispanic",0,22,51,73,"July 29, 2020"
"Black/African American, Non-Hispanic",0,15,145,160,"July 29, 2020"
"American Indian/Native Alaskan, Non-Hispanic",0,5,28,33,"July 29, 2020"
"Native Hawaiian or Pacific Islander, Non-Hispanic",0,3,1,4,"July 29, 2020"
"Multiracial, Non-Hispanic",0,9,0,9,"July 29, 2020"
"Other, Non-Hispanic",0,36,0,36,"July 29, 2020"
Unknown Ethnicity,7,330,0,330,"July 29, 2020"
"Unknown Race, Non-Hispanic",4,54,0,54,"July 29, 2020"
Missing,45,2069,35,2104,"July 29, 2020"
Suppressed,0,,,0,"July 29, 2020"
Total,91,5010,1011,6021,"July 29, 2020"
Hispanic/Latino,29,2127,373,2500,"July 28, 2020"
"White, Non-Hispanic",5,306,378,684,"July 28, 2020"
"Asian, Non-Hispanic",1,22,51,73,"July 28, 2020"
"Black/African American, Non-Hispanic",0,15,145,160,"July 28, 2020"
"American Indian/Native Alaskan, Non-Hispanic",0,5,28,33,"July 28, 2020"
"Native Hawaiian or Pacific Islander, Non-Hispanic",0,3,1,4,"July 28, 2020"
"Multiracial, Non-Hispanic",0,9,0,9,"July 28, 2020"
"Other, Non-Hispanic",1,36,0,36,"July 28, 2020"
Unknown Ethnicity,18,323,0,323,"July 28, 2020"
"Unknown Race, Non-Hispanic",0,50,0,50,"July 28, 2020"
Missing,44,2024,35,2059,"July 28, 2020"
Suppressed,0,,,0,"July 28, 2020"
Total,98,4920,1011,5931,"July 28, 2020"
Hispanic/Latino,9,2099,373,2472,"July 27, 2020"
"White, Non-Hispanic",2,301,378,679,"July 27, 2020"
"Asian, Non-Hispanic",0,21,51,72,"July 27, 2020"
"Black/African American, Non-Hispanic",0,15,145,160,"July 27, 2020"
"American Indian/Native Alaskan, Non-Hispanic",0,5,28,33,"July 27, 2020"
"Native Hawaiian or Pacific Islander, Non-Hispanic",0,3,1,4,"July 27, 2020"
"Multiracial, Non-Hispanic",0,9,0,9,"July 27, 2020"
"Other, Non-Hispanic",0,36,0,36,"July 27, 2020"
Unknown Ethnicity,22,305,0,305,"July 27, 2020"
"Unknown Race, Non-Hispanic",0,50,0,50,"July 27, 2020"
Missing,44,1981,35,2016,"July 27, 2020"
Suppressed,0,,,0,"July 27, 2020"
Total,77,4825,1011,5836,"July 27, 2020"
Hispanic/Latino,54,2037,373,2410,"July 24, 2020"
"White, Non-Hispanic",3,284,378,662,"July 24, 2020"
"Asian, Non-Hispanic",1,21,51,72,"July 24, 2020"
"Black/African American, Non-Hispanic",0,15,145,160,"July 24, 2020"
"American Indian/Native Alaskan, Non-Hispanic",0,5,28,33,"July 24, 2020"
"Native Hawaiian or Pacific Islander, Non-Hispanic",0,3,1,4,"July 24, 2020"
"Multiracial, Non-Hispanic",0,9,0,9,"July 24, 2020"
"Other, Non-Hispanic",2,35,0,35,"July 24, 2020"
Unknown Ethnicity,7,263,0,263,"July 24, 2020"
"Unknown Race, Non-Hispanic",2,48,0,48,"July 24, 2020"
Missing,63,1845,35,1880,"July 24, 2020"
Suppressed,0,,,0,"July 24, 2020"
Total,133,4565,1011,5576,"July 24, 2020"
Hispanic/Latino,84,1981,373,2354,"July 23, 2020"
"White, Non-Hispanic",9,279,378,657,"July 23, 2020"
"Asian, Non-Hispanic",0,20,51,71,"July 23, 2020"
"Black/African American, Non-Hispanic",0,15,145,160,"July 23, 2020"
"American Indian/Native Alaskan, Non-Hispanic",0,5,28,33,"July 23, 2020"
"Native Hawaiian or Pacific Islander, Non-Hispanic",0,3,1,4,"July 23, 2020"
"Multiracial, Non-Hispanic",0,9,0,9,"July 23, 2020"
"Other, Non-Hispanic",2,33,0,33,"July 23, 2020"
Unknown Ethnicity,7,256,0,256,"July 23, 2020"
"Unknown Race, Non-Hispanic",6,47,0,47,"July 23, 2020"
Missing,54,1786,34,1820,"July 23, 2020"
Suppressed,0,,,0,"July 23, 2020"
Total,162,4434,1010,5444,"July 23, 2020"
Hispanic/Latino,55,1897,373,2270,"July 22, 2020"
"White, Non-Hispanic",8,270,378,648,"July 22, 2020"
"Asian, Non-Hispanic",0,20,51,71,"July 22, 2020"
"Black/African American, Non-Hispanic",1,15,145,160,"July 22, 2020"
"American Indian/Native Alaskan, Non-Hispanic",0,5,28,33,"July 22, 2020"
"Native Hawaiian or Pacific Islander, Non-Hispanic",0,3,1,4,"July 22, 2020"
"Multiracial, Non-Hispanic",0,9,0,9,"July 22, 2020"
"Other, Non-Hispanic",0,31,0,31,"July 22, 2020"
Unknown Ethnicity,11,249,0,249,"July 22, 2020"
"Unknown Race, Non-Hispanic",0,41,0,41,"July 22, 2020"
Missing,85,1732,34,1766,"July 22, 2020"
Suppressed,0,,,0,"July 22, 2020"
Total,160,4272,1010,5282,"July 22, 2020"
Hispanic/Latino,60,1842,373,2215,"July 21, 2020"
"White, Non-Hispanic",6,262,378,640,"July 21, 2020"
"Asian, Non-Hispanic",0,20,51,71,"July 21, 2020"
"Black/African American, Non-Hispanic",0,14,145,159,"July 21, 2020"
"American Indian/Native Alaskan, Non-Hispanic",0,5,28,33,"July 21, 2020"
"Native Hawaiian or Pacific Islander, Non-Hispanic",0,3,1,4,"July 21, 2020"
"Multiracial, Non-Hispanic",0,9,0,9,"July 21, 2020"
"Other, Non-Hispanic",1,31,0,31,"July 21, 2020"
Unknown Ethnicity,10,239,0,239,"July 21, 2020"
"Unknown Race, Non-Hispanic",1,41,0,41,"July 21, 2020"
Missing,57,1648,34,1682,"July 21, 2020"
Suppressed,0,,,0,"July 21, 2020"
Total,135,4114,1010,5124,"July 21, 2020"
Hispanic/Latino,26,1782,373,2155,"July 20, 2020"
"White, Non-Hispanic",0,256,378,634,"July 20, 2020"
"Asian, Non-Hispanic",1,20,51,71,"July 20, 2020"
"Black/African American, Non-Hispanic",0,14,145,159,"July 20, 2020"
"American Indian/Native Alaskan, Non-Hispanic",0,5,28,33,"July 20, 2020"
"Native Hawaiian or Pacific Islander, Non-Hispanic",0,3,1,4,"July 20, 2020"
"Multiracial, Non-Hispanic",0,9,0,9,"July 20, 2020"
"Other, Non-Hispanic",0,30,0,30,"July 20, 2020"
Unknown Ethnicity,16,231,0,231,"July 20, 2020"
"Unknown Race, Non-Hispanic",2,40,0,40,"July 20, 2020"
Missing,38,1592,33,1625,"July 20, 2020"
Suppressed,2,,,,"July 20, 2020"
Total,85,3982,1009,4991,"July 20, 2020"
Hispanic/Latino,54,1698,373,2071,"July 17, 2020"
"White, Non-Hispanic",5,252,378,630,"July 17, 2020"
"Asian, Non-Hispanic",0,20,51,71,"July 17, 2020"
"Black/African American, Non-Hispanic",0,14,145,159,"July 17, 2020"
"American Indian/Native Alaskan, Non-Hispanic",0,5,28,33,"July 17, 2020"
"Native Hawaiian or Pacific Islander, Non-Hispanic",0,3,1,4,"July 17, 2020"
"Multiracial, Non-Hispanic",0,8,0,8,"July 17, 2020"
"Other, Non-Hispanic",0,29,0,29,"July 17, 2020"
Unknown Ethnicity,11,210,0,210,"July 17, 2020"
"Unknown Race, Non-Hispanic",1,28,0,28,"July 17, 2020"
Missing,60,1485,31,1516,"July 17, 2020"
Suppressed,6,,,,"July 17, 2020"
Total,137,3752,1007,4759,"July 17, 2020"
Hispanic/Latino,97,1650,373,2023,"July 16, 2020"
"White, Non-Hispanic",15,248,378,626,"July 16, 2020"
"Asian, Non-Hispanic",1,20,51,71,"July 16, 2020"
"Black/African American, Non-Hispanic",2,14,145,159,"July 16, 2020"
"American Indian/Native Alaskan, Non-Hispanic",0,5,28,33,"July 16, 2020"
"Native Hawaiian or Pacific Islander, Non-Hispanic",0,3,1,4,"July 16, 2020"
"Multiracial, Non-Hispanic",0,8,0,8,"July 16, 2020"
"Other, Non-Hispanic",1,29,0,29,"July 16, 2020"
Unknown Ethnicity,21,200,0,200,"July 16, 2020"
"Unknown Race, Non-Hispanic",3,27,0,27,"July 16, 2020"
Missing,83,1430,25,1455,"July 16, 2020"
Suppressed,1,,,,"July 16, 2020"
Total,224,3634,1001,4635,"July 16, 2020"
Hispanic/Latino,26,1553,373,1926,"July 15, 2020"
"White, Non-Hispanic",4,233,378,611,"July 15, 2020"
"Asian, Non-Hispanic",0,19,51,70,"July 15, 2020"
"Black/African American, Non-Hispanic",1,12,145,157,"July 15, 2020"
"American Indian/Native Alaskan, Non-Hispanic",0,5,28,33,"July 15, 2020"
"Native Hawaiian or Pacific Islander, Non-Hispanic",0,3,1,4,"July 15, 2020"
"Multiracial, Non-Hispanic",1,8,0,8,"July 15, 2020"
"Other, Non-Hispanic",0,28,0,28,"July 15, 2020"
Unknown Ethnicity,16,180,0,180,"July 15, 2020"
"Unknown Race, Non-Hispanic",1,24,0,24,"July 15, 2020"
Missing,40,1347,24,1371,"July 15, 2020"
Suppressed,0,,,,"July 15, 2020"
Total,89,3412,1000,4412,"July 15, 2020"
Hispanic/Latino,41,1527,373,1900,"July 14, 2020"
"White, Non-Hispanic",6,229,378,607,"July 14, 2020"
"Asian, Non-Hispanic",2,19,51,70,"July 14, 2020"
"Black/African American, Non-Hispanic",0,11,145,156,"July 14, 2020"
"American Indian/Native Alaskan, Non-Hispanic",0,5,28,33,"July 14, 2020"
"Native Hawaiian or Pacific Islander, Non-Hispanic",0,3,1,4,"July 14, 2020"
"Multiracial, Non-Hispanic",0,7,0,7,"July 14, 2020"
"Other, Non-Hispanic",2,28,0,28,"July 14, 2020"
Unknown Ethnicity,10,164,0,164,"July 14, 2020"
"Unknown Race, Non-Hispanic",2,23,0,23,"July 14, 2020"
Missing,121,1309,22,1331,"July 14, 2020"
Suppressed,0,,,,"July 14, 2020"
Total,184,3325,998,4323,"July 14, 2020"
Hispanic/Latino,33,1487,373,1860,"July 13, 2020"
"White, Non-Hispanic",4,219,378,597,"July 13, 2020"
"Asian, Non-Hispanic",0,17,51,68,"July 13, 2020"
"Black/African American, Non-Hispanic",0,10,145,155,"July 13, 2020"
"American Indian/Native Alaskan, Non-Hispanic",0,5,28,33,"July 13, 2020"
"Native Hawaiian or Pacific Islander, Non-Hispanic",0,3,1,4,"July 13, 2020"
"Multiracial, Non-Hispanic",1,7,0,7,"July 13, 2020"
"Other, Non-Hispanic",2,25,0,25,"July 13, 2020"
Unknown Ethnicity,7,155,0,155,"July 13, 2020"
"Unknown Race, Non-Hispanic",0,21,0,21,"July 13, 2020"
Missing,9,1192,22,1214,"July 13, 2020"
Suppressed,0,,,,"July 13, 2020"
Total,56,3142,998,4140,"July 13, 2020"
Hispanic/Latino,19,1393,373,1766,"July 10, 2020"
"White, Non-Hispanic",2,209,378,587,"July 10, 2020"
"Asian, Non-Hispanic",1,17,51,68,"July 10, 2020"
"Black/African American, Non-Hispanic",0,10,145,155,"July 10, 2020"
"American Indian/Native Alaskan, Non-Hispanic",0,5,28,33,"July 10, 2020"
"Native Hawaiian or Pacific Islander, Non-Hispanic",0,3,1,4,"July 10, 2020"
"Multiracial, Non-Hispanic",1,6,0,6,"July 10, 2020"
"Other, Non-Hispanic",0,22,0,22,"July 10, 2020"
Unknown Ethnicity,3,137,0,137,"July 10, 2020"
"Unknown Race, Non-Hispanic",0,21,0,21,"July 10, 2020"
Missing,49,1110,22,1132,"July 10, 2020"
Suppressed,0,,,,"July 10, 2020"
Total,75,2933,998,3931,"July 10, 2020"
Hispanic/Latino,29,1378,373,1751,"July 9, 2020"
"White, Non-Hispanic",3,207,378,585,"July 9, 2020"
"Asian, Non-Hispanic",0,16,51,67,"July 9, 2020"
"Black/African American, Non-Hispanic",0,10,145,155,"July 9, 2020"
"American Indian/Native Alaskan, Non-Hispanic",0,5,28,33,"July 9, 2020"
"Native Hawaiian or Pacific Islander, Non-Hispanic",0,3,1,4,"July 9, 2020"
"Multiracial, Non-Hispanic",0,5,0,5,"July 9, 2020"
"Other, Non-Hispanic",0,22,0,22,"July 9, 2020"
Unknown Ethnicity,3,136,0,136,"July 9, 2020"
"Unknown Race, Non-Hispanic",1,21,0,21,"July 9, 2020"
Missing,31,1067,22,1089,"July 9, 2020"
Suppressed,0,,,,"July 9, 2020"
Total,67,2870,998,3868,"July 9, 2020"
Hispanic/Latino,44,1351,373,1724,"July 8, 2020"
"White, Non-Hispanic",3,204,379,583,"July 8, 2020"
"Asian, Non-Hispanic",0,16,51,67,"July 8, 2020"
"Black/African American, Non-Hispanic",0,10,145,155,"July 8, 2020"
"American Indian/Native Alaskan, Non-Hispanic",0,5,28,33,"July 8, 2020"
"Native Hawaiian or Pacific Islander, Non-Hispanic",0,3,1,4,"July 8, 2020"
"Multiracial, Non-Hispanic",0,5,0,5,"July 8, 2020"
"Other, Non-Hispanic",0,22,0,22,"July 8, 2020"
Unknown Ethnicity,3,133,0,133,"July 8, 2020"
"Unknown Race, Non-Hispanic",1,20,0,20,"July 8, 2020"
Missing,69,1054,7,1061,"July 8, 2020"
Suppressed,0,,,,"July 8, 2020"
Total,121,2824,984,3808,"July 8, 2020"
