Transmission Method,Total,Date
Community Close Contact Transmission,5362,"December 24, 2020"
Persons Incarcerated at Federal Prison in Lompoc Close Contact,1038,"December 24, 2020"
Travel Transmission,127,"December 24, 2020"
Community Transmission,3553,"December 24, 2020"
Unknown,4901,"December 24, 2020"
Under Investigation,676,"December 24, 2020"
Community Close Contact Transmission,5291,"December 23, 2020"
Persons Incarcerated at Federal Prison in Lompoc Close Contact,1038,"December 23, 2020"
Travel Transmission,126,"December 23, 2020"
Community Transmission,3519,"December 23, 2020"
Unknown,4789,"December 23, 2020"
Under Investigation,654,"December 23, 2020"
Community Close Contact Transmission,5192,"December 22, 2020"
Persons Incarcerated at Federal Prison in Lompoc Close Contact,1038,"December 22, 2020"
Travel Transmission,126,"December 22, 2020"
Community Transmission,3455,"December 22, 2020"
Unknown,4710,"December 22, 2020"
Under Investigation,677,"December 22, 2020"
Community Close Contact Transmission,5162,"December 21, 2020"
Persons Incarcerated at Federal Prison in Lompoc Close Contact,1038,"December 21, 2020"
Travel Transmission,126,"December 21, 2020"
Community Transmission,3433,"December 21, 2020"
Unknown,4503,"December 21, 2020"
Under Investigation,673,"December 21, 2020"
Community Close Contact Transmission,5132,"December 20, 2020"
Persons Incarcerated at Federal Prison in Lompoc Close Contact,1038,"December 20, 2020"
Travel Transmission,126,"December 20, 2020"
Community Transmission,3399,"December 20, 2020"
Unknown,4410,"December 20, 2020"
Under Investigation,633,"December 20, 2020"
Community Close Contact Transmission,5074,"December 19, 2020"
Persons Incarcerated at Federal Prison in Lompoc Close Contact,1038,"December 19, 2020"
Travel Transmission,126,"December 19, 2020"
Community Transmission,3354,"December 19, 2020"
Unknown,4270,"December 19, 2020"
Under Investigation,529,"December 19, 2020"
Community Close Contact Transmission,4993,"December 18, 2020"
Persons Incarcerated at Federal Prison in Lompoc Close Contact,1038,"December 18, 2020"
Travel Transmission,126,"December 18, 2020"
Community Transmission,3282,"December 18, 2020"
Unknown,4217,"December 18, 2020"
Under Investigation,720,"December 18, 2020"
Community Close Contact Transmission,4900,"December 17, 2020"
Persons Incarcerated at Federal Prison in Lompoc Close Contact,1038,"December 17, 2020"
Travel Transmission,125,"December 17, 2020"
Community Transmission,3225,"December 17, 2020"
Unknown,4142,"December 17, 2020"
Under Investigation,760,"December 17, 2020"
Community Close Contact Transmission,4792,"December 16, 2020"
Persons Incarcerated at Federal Prison in Lompoc Close Contact,1038,"December 16, 2020"
Travel Transmission,124,"December 16, 2020"
Community Transmission,3171,"December 16, 2020"
Unknown,3996,"December 16, 2020"
Under Investigation,836,"December 16, 2020"
Community Close Contact Transmission,4727,"December 15, 2020"
Persons Incarcerated at Federal Prison in Lompoc Close Contact,1038,"December 15, 2020"
Travel Transmission,124,"December 15, 2020"
Community Transmission,3113,"December 15, 2020"
Unknown,3928,"December 15, 2020"
Under Investigation,833,"December 15, 2020"
Community Close Contact Transmission,4697,"December 14, 2020"
Persons Incarcerated at Federal Prison in Lompoc Close Contact,1038,"December 14, 2020"
Travel Transmission,124,"December 14, 2020"
Community Transmission,3086,"December 14, 2020"
Unknown,3980,"December 14, 2020"
Under Investigation,632,"December 14, 2020"
Community Close Contact Transmission,4683,"December 13, 2020"
Persons Incarcerated at Federal Prison in Lompoc Close Contact,1031,"December 13, 2020"
Travel Transmission,124,"December 13, 2020"
Community Transmission,3075,"December 13, 2020"
Unknown,3764,"December 13, 2020"
Under Investigation,521,"December 13, 2020"
Community Close Contact Transmission,4596,"December 12, 2020"
Persons Incarcerated at Federal Prison in Lompoc Close Contact,1031,"December 12, 2020"
Travel Transmission,124,"December 12, 2020"
Community Transmission,3036,"December 12, 2020"
Unknown,3691,"December 12, 2020"
Under Investigation,578,"December 12, 2020"
Community Close Contact Transmission,4532,"December 11, 2020"
Persons Incarcerated at Federal Prison in Lompoc Close Contact,1031,"December 11, 2020"
Travel Transmission,124,"December 11, 2020"
Community Transmission,3007,"December 11, 2020"
Unknown,3644,"December 11, 2020"
Under Investigation,528,"December 11, 2020"
Community Close Contact Transmission,4532,"December 11, 2020"
Persons Incarcerated at Federal Prison in Lompoc Close Contact,1031,"December 11, 2020"
Travel Transmission,124,"December 11, 2020"
Community Transmission,3007,"December 11, 2020"
Unknown,3644,"December 11, 2020"
Under Investigation,528,"December 11, 2020"
Community Close Contact Transmission,4481,"December 10, 2020"
Persons Incarcerated at Federal Prison in Lompoc Close Contact,1031,"December 10, 2020"
Travel Transmission,119,"December 10, 2020"
Community Transmission,2967,"December 10, 2020"
Unknown,3634,"December 10, 2020"
Under Investigation,576,"December 10, 2020"
Community Close Contact Transmission,4407,"December 9, 2020"
Persons Incarcerated at Federal Prison in Lompoc Close Contact,1031,"December 9, 2020"
Travel Transmission,117,"December 9, 2020"
Community Transmission,2902,"December 9, 2020"
Unknown,3551,"December 9, 2020"
Under Investigation,628,"December 9, 2020"
Community Close Contact Transmission,4407,"December 9, 2020"
Persons Incarcerated at Federal Prison in Lompoc Close Contact,1031,"December 9, 2020"
Travel Transmission,117,"December 9, 2020"
Community Transmission,2902,"December 9, 2020"
Unknown,3551,"December 9, 2020"
Under Investigation,628,"December 9, 2020"
Community Close Contact Transmission,4368,"December 8, 2020"
Persons Incarcerated at Federal Prison in Lompoc Close Contact,1029,"December 8, 2020"
Travel Transmission,117,"December 8, 2020"
Community Transmission,2877,"December 8, 2020"
Unknown,3516,"December 8, 2020"
Under Investigation,595,"December 8, 2020"
Community Close Contact Transmission,4341,"December 7, 2020"
Persons Incarcerated at Federal Prison in Lompoc Close Contact,1029,"December 7, 2020"
Travel Transmission,112,"December 7, 2020"
Community Transmission,2859,"December 7, 2020"
Unknown,3537,"December 7, 2020"
Under Investigation,501,"December 7, 2020"
Community Close Contact Transmission,4183,"December 4, 2020"
Persons Incarcerated at Federal Prison in Lompoc Close Contact,1027,"December 4, 2020"
Travel Transmission,110,"December 4, 2020"
Community Transmission,2764,"December 4, 2020"
Unknown,3418,"December 4, 2020"
Under Investigation,415,"December 4, 2020"
Community Close Contact Transmission,4171,"December 3, 2020"
Persons Incarcerated at Federal Prison in Lompoc Close Contact,1027,"December 3, 2020"
Travel Transmission,109,"December 3, 2020"
Community Transmission,2755,"December 3, 2020"
Unknown,3429,"December 3, 2020"
Under Investigation,354,"December 3, 2020"
Community Close Contact Transmission,4122,"December 2, 2020"
Persons Incarcerated at Federal Prison in Lompoc Close Contact,1027,"December 2, 2020"
Travel Transmission,107,"December 2, 2020"
Community Transmission,2707,"December 2, 2020"
Unknown,3381,"December 2, 2020"
Under Investigation,376,"December 2, 2020"
Community Close Contact Transmission,4088,"December 1, 2020"
Persons Incarcerated at Federal Prison in Lompoc Close Contact,1027,"December 1, 2020"
Travel Transmission,106,"December 1, 2020"
Community Transmission,2661,"December 1, 2020"
Unknown,3368,"December 1, 2020"
Under Investigation,381,"December 1, 2020"
Community Close Contact Transmission,4066,"November 30, 2020"
Persons Incarcerated at Federal Prison in Lompoc Close Contact,1027,"November 30, 2020"
Travel Transmission,105,"November 30, 2020"
Community Transmission,2642,"November 30, 2020"
Unknown,3370,"November 30, 2020"
Under Investigation,392,"November 30, 2020"
Community Close Contact Transmission,3954,"November 25, 2020"
Persons Incarcerated at Federal Prison in Lompoc Close Contact,1027,"November 25, 2020"
Travel Transmission,103,"November 25, 2020"
Community Transmission,2555,"November 25, 2020"
Unknown,3277,"November 25, 2020"
Under Investigation,289,"November 25, 2020"
Community Close Contact Transmission,3927,"November 24, 2020"
Persons Incarcerated at Federal Prison in Lompoc Close Contact,1027,"November 24, 2020"
Travel Transmission,12,"November 24, 2020"
Community Transmission,2594,"November 24, 2020"
Unknown,3299,"November 24, 2020"
Under Investigation,307,"November 24, 2020"
Community Close Contact Transmission,3889,"November 23, 2020"
Persons Incarcerated at Federal Prison in Lompoc Close Contact,1027,"November 23, 2020"
Travel Transmission,12,"November 23, 2020"
Community Transmission,2572,"November 23, 2020"
Unknown,3389,"November 23, 2020"
Under Investigation,178,"November 23, 2020"
Community Close Contact Transmission,3868,"November 22, 2020"
Persons Incarcerated at Federal Prison in Lompoc Close Contact,1027,"November 22, 2020"
Travel Transmission,12,"November 22, 2020"
Community Transmission,2555,"November 22, 2020"
Unknown,3313,"November 22, 2020"
Under Investigation,238,"November 22, 2020"
Community Close Contact Transmission,3852,"November 21, 2020"
Persons Incarcerated at Federal Prison in Lompoc Close Contact,1027,"November 21, 2020"
Travel Transmission,12,"November 21, 2020"
Community Transmission,2545,"November 21, 2020"
Unknown,3247,"November 21, 2020"
Under Investigation,251,"November 21, 2020"
Community Close Contact Transmission,3823,"November 20, 2020"
Persons Incarcerated at Federal Prison in Lompoc Close Contact,1027,"November 20, 2020"
Travel Transmission,12,"November 20, 2020"
Community Transmission,2522,"November 20, 2020"
Unknown,3239,"November 20, 2020"
Under Investigation,216,"November 20, 2020"
Community Close Contact Transmission,3785,"November 19, 2020"
Persons Incarcerated at Federal Prison in Lompoc Close Contact,1026,"November 19, 2020"
Travel Transmission,12,"November 19, 2020"
Community Transmission,2488,"November 19, 2020"
Unknown,3200,"November 19, 2020"
Under Investigation,257,"November 19, 2020"
Community Close Contact Transmission,3763,"November 18, 2020"
Persons Incarcerated at Federal Prison in Lompoc Close Contact,1026,"November 18, 2020"
Travel Transmission,12,"November 18, 2020"
Community Transmission,2460,"November 18, 2020"
Unknown,3188,"November 18, 2020"
Under Investigation,253,"November 18, 2020"
Community Close Contact Transmission,3725,"November 17, 2020"
Persons Incarcerated at Federal Prison in Lompoc Close Contact,1026,"November 17, 2020"
Travel Transmission,12,"November 17, 2020"
Community Transmission,2436,"November 17, 2020"
Unknown,3176,"November 17, 2020"
Under Investigation,237,"November 17, 2020"
Community Close Contact Transmission,3694,"November 16, 2020"
Persons Incarcerated at Federal Prison in Lompoc Close Contact,1026,"November 16, 2020"
Travel Transmission,12,"November 16, 2020"
Community Transmission,2426,"November 16, 2020"
Unknown,3169,"November 16, 2020"
Under Investigation,250,"November 16, 2020"
Community Close Contact Transmission,3622,"November 13, 2020"
Persons Incarcerated at Federal Prison in Lompoc Close Contact,1026,"November 13, 2020"
Travel Transmission,12,"November 13, 2020"
Community Transmission,2392,"November 13, 2020"
Unknown,3150,"November 13, 2020"
Under Investigation,213,"November 13, 2020"
Community Close Contact Transmission,3614,"November 12, 2020"
Persons Incarcerated at Federal Prison in Lompoc Close Contact,1026,"November 12, 2020"
Travel Transmission,12,"November 12, 2020"
Community Transmission,2386,"November 12, 2020"
Unknown,3138,"November 12, 2020"
Under Investigation,163,"November 12, 2020"
Community Close Contact Transmission,3569,"November 10, 2020"
Persons Incarcerated at Federal Prison in Lompoc Close Contact,1026,"November 10, 2020"
Travel Transmission,12,"November 10, 2020"
Community Transmission,2360,"November 10, 2020"
Unknown,3134,"November 10, 2020"
Under Investigation,159,"November 10, 2020"
Community Close Contact Transmission,3556,"November 9, 2020"
Persons Incarcerated at Federal Prison in Lompoc Close Contact,1026,"November 9, 2020"
Travel Transmission,12,"November 9, 2020"
Community Transmission,2353,"November 9, 2020"
Unknown,3134,"November 9, 2020"
Under Investigation,149,"November 9, 2020"
Community Close Contact Transmission,3511,"November 6, 2020"
Persons Incarcerated at Federal Prison in Lompoc Close Contact,1026,"November 6, 2020"
Travel Transmission,12,"November 6, 2020"
Community Transmission,2322,"November 6, 2020"
Unknown,3094,"November 6, 2020"
Under Investigation,163,"November 6, 2020"
Community Close Contact Transmission,3500,"November 5, 2020"
Persons Incarcerated at Federal Prison in Lompoc Close Contact,1026,"November 5, 2020"
Travel Transmission,12,"November 5, 2020"
Community Transmission,2303,"November 5, 2020"
Unknown,3089,"November 5, 2020"
Under Investigation,159,"November 5, 2020"
Community Close Contact Transmission,3493,"November 4, 2020"
Persons Incarcerated at Federal Prison in Lompoc Close Contact,1026,"November 4, 2020"
Travel Transmission,12,"November 4, 2020"
Community Transmission,2293,"November 4, 2020"
Unknown,3088,"November 4, 2020"
Under Investigation,130,"November 4, 2020"
Community Close Contact Transmission,3485,"November 3, 2020"
Persons Incarcerated at Federal Prison in Lompoc Close Contact,1026,"November 3, 2020"
Travel Transmission,12,"November 3, 2020"
Community Transmission,2284,"November 3, 2020"
Unknown,3080,"November 3, 2020"
Under Investigation,129,"November 3, 2020"
Community Close Contact Transmission,3484,"November 2, 2020"
Persons Incarcerated at Federal Prison in Lompoc Close Contact,1026,"November 2, 2020"
Travel Transmission,12,"November 2, 2020"
Community Transmission,2280,"November 2, 2020"
Unknown,3073,"November 2, 2020"
Under Investigation,117,"November 2, 2020"
Community Close Contact Transmission,3456,"October 30, 2020"
Persons Incarcerated at Federal Prison in Lompoc Close Contact,1026,"October 30, 2020"
Travel Transmission,12,"October 30, 2020"
Community Transmission,2259,"October 30, 2020"
Unknown,3046,"October 30, 2020"
Under Investigation,145,"October 30, 2020"
Community Close Contact Transmission,3452,"October 29, 2020"
Persons Incarcerated at Federal Prison in Lompoc Close Contact,1026,"October 29, 2020"
Travel Transmission,12,"October 29, 2020"
Community Transmission,2257,"October 29, 2020"
Unknown,3045,"October 29, 2020"
Under Investigation,127,"October 29, 2020"
Community Close Contact Transmission,3443,"October 28, 2020"
Persons Incarcerated at Federal Prison in Lompoc Close Contact,1026,"October 28, 2020"
Travel Transmission,12,"October 28, 2020"
Community Transmission,2246,"October 28, 2020"
Unknown,3038,"October 28, 2020"
Under Investigation,121,"October 28, 2020"
Community Close Contact Transmission,3442,"October 27, 2020"
Persons Incarcerated at Federal Prison in Lompoc Close Contact,1026,"October 27, 2020"
Travel Transmission,12,"October 27, 2020"
Community Transmission,2246,"October 27, 2020"
Unknown,3034,"October 27, 2020"
Under Investigation,103,"October 27, 2020"
Community Close Contact Transmission,3426,"October 26, 2020"
Persons Incarcerated at Federal Prison in Lompoc Close Contact,1026,"October 26, 2020"
Travel Transmission,12,"October 26, 2020"
Community Transmission,2238,"October 26, 2020"
Unknown,3007,"October 26, 2020"
Under Investigation,111,"October 26, 2020"
Community Close Contact Transmission,3398,"October 23, 2020"
Persons Incarcerated at Federal Prison in Lompoc Close Contact,1026,"October 23, 2020"
Travel Transmission,12,"October 23, 2020"
Community Transmission,2216,"October 23, 2020"
Unknown,3000,"October 23, 2020"
Under Investigation,108,"October 23, 2020"
Community Close Contact Transmission,3379,"October 22, 2020"
Persons Incarcerated at Federal Prison in Lompoc Close Contact,1026,"October 22, 2020"
Travel Transmission,12,"October 22, 2020"
Community Transmission,2204,"October 22, 2020"
Unknown,3013,"October 22, 2020"
Under Investigation,81,"October 22, 2020"
Community Close Contact Transmission,3372,"October 21, 2020"
Persons Incarcerated at Federal Prison in Lompoc Close Contact,1026,"October 21, 2020"
Travel Transmission,12,"October 21, 2020"
Community Transmission,2201,"October 21, 2020"
Unknown,2987,"October 21, 2020"
Under Investigation,90,"October 21, 2020"
Community Close Contact Transmission,3357,"October 20, 2020"
Persons Incarcerated at Federal Prison in Lompoc Close Contact,1026,"October 20, 2020"
Travel Transmission,12,"October 20, 2020"
Community Transmission,2197,"October 20, 2020"
Unknown,2971,"October 20, 2020"
Under Investigation,108,"October 20, 2020"
Community Close Contact Transmission,3349,"October 19, 2020"
Persons Incarcerated at Federal Prison in Lompoc Close Contact,1026,"October 19, 2020"
Travel Transmission,12,"October 19, 2020"
Community Transmission,2193,"October 19, 2020"
Unknown,2969,"October 19, 2020"
Under Investigation,92,"October 19, 2020"
Community Close Contact Transmission,3309,"October 16, 2020"
Persons Incarcerated at Federal Prison in Lompoc Close Contact,1026,"October 16, 2020"
Travel Transmission,12,"October 16, 2020"
Community Transmission,2173,"October 16, 2020"
Unknown,2950,"October 16, 2020"
Under Investigation,90,"October 16, 2020"
Community Close Contact Transmission,3303,"October 15, 2020"
Persons Incarcerated at Federal Prison in Lompoc Close Contact,1026,"October 15, 2020"
Travel Transmission,12,"October 15, 2020"
Community Transmission,2164,"October 15, 2020"
Unknown,2940,"October 15, 2020"
Under Investigation,95,"October 15, 2020"
Community Close Contact Transmission,3299,"October 14, 2020"
Persons Incarcerated at Federal Prison in Lompoc Close Contact,1026,"October 14, 2020"
Travel Transmission,12,"October 14, 2020"
Community Transmission,2160,"October 14, 2020"
Unknown,2936,"October 14, 2020"
Under Investigation,87,"October 14, 2020"
Community Close Contact Transmission,3289,"October 13, 2020"
Persons Incarcerated at Federal Prison in Lompoc Close Contact,1026,"October 13, 2020"
Travel Transmission,12,"October 13, 2020"
Community Transmission,2153,"October 13, 2020"
Unknown,2929,"October 13, 2020"
Under Investigation,94,"October 13, 2020"
Community Close Contact Transmission,3280,"October 12, 2020"
Persons Incarcerated at Federal Prison in Lompoc Close Contact,1025,"October 12, 2020"
Travel Transmission,12,"October 12, 2020"
Community Transmission,2149,"October 12, 2020"
Unknown,2924,"October 12, 2020"
Under Investigation,85,"October 12, 2020"
Community Close Contact Transmission,3261,"October 9, 2020"
Persons Incarcerated at Federal Prison in Lompoc Close Contact,1025,"October 9, 2020"
Travel Transmission,12,"October 9, 2020"
Community Transmission,2118,"October 9, 2020"
Unknown,2902,"October 9, 2020"
Under Investigation,90,"October 9, 2020"
Community Close Contact Transmission,3254,"October 8, 2020"
Persons Incarcerated at Federal Prison in Lompoc Close Contact,1025,"October 8, 2020"
Travel Transmission,12,"October 8, 2020"
Community Transmission,2115,"October 8, 2020"
Unknown,2895,"October 8, 2020"
Under Investigation,86,"October 8, 2020"
Community Close Contact Transmission,3229,"October 7, 2020"
Persons Incarcerated at Federal Prison in Lompoc Close Contact,1025,"October 7, 2020"
Travel Transmission,12,"October 7, 2020"
Community Transmission,2106,"October 7, 2020"
Unknown,2895,"October 7, 2020"
Under Investigation,96,"October 7, 2020"
Community Close Contact Transmission,3229,"October 6, 2020"
Persons Incarcerated at Federal Prison in Lompoc Close Contact,1025,"October 6, 2020"
Travel Transmission,12,"October 6, 2020"
Community Transmission,2094,"October 6, 2020"
Unknown,2880,"October 6, 2020"
Under Investigation,100,"October 6, 2020"
Community Close Contact Transmission,3219,"October 5, 2020"
Persons Incarcerated at Federal Prison in Lompoc Close Contact,1024,"October 5, 2020"
Travel Transmission,12,"October 5, 2020"
Community Transmission,2092,"October 5, 2020"
Unknown,2879,"October 5, 2020"
Under Investigation,93,"October 5, 2020"
Community Close Contact Transmission,3186,"October 2, 2020"
Persons Incarcerated at Federal Prison in Lompoc Close Contact,1024,"October 2, 2020"
Travel Transmission,12,"October 2, 2020"
Community Transmission,2071,"October 2, 2020"
Unknown,2855,"October 2, 2020"
Under Investigation,101,"October 2, 2020"
Community Close Contact Transmission,3177,"October 1, 2020"
Persons Incarcerated at Federal Prison in Lompoc Close Contact,1024,"October 1, 2020"
Travel Transmission,12,"October 1, 2020"
Community Transmission,2059,"October 1, 2020"
Unknown,2848,"October 1, 2020"
Under Investigation,103,"October 1, 2020"
Community Close Contact Transmission,3170,"September 30, 2020"
Persons Incarcerated at Federal Prison in Lompoc Close Contact,1024,"September 30, 2020"
Travel Transmission,12,"September 30, 2020"
Community Transmission,2050,"September 30, 2020"
Unknown,2838,"September 30, 2020"
Under Investigation,103,"September 30, 2020"
Community Close Contact Transmission,3160,"September 29, 2020"
Persons Incarcerated at Federal Prison in Lompoc Close Contact,1024,"September 29, 2020"
Travel Transmission,12,"September 29, 2020"
Community Transmission,2038,"September 29, 2020"
Unknown,2831,"September 29, 2020"
Under Investigation,99,"September 29, 2020"
Community Close Contact Transmission,3149,"September 28, 2020"
Persons Incarcerated at Federal Prison in Lompoc Close Contact,1024,"September 28, 2020"
Travel Transmission,12,"September 28, 2020"
Community Transmission,2027,"September 28, 2020"
Unknown,2864,"September 28, 2020"
Under Investigation,57,"September 28, 2020"
Community Close Contact Transmission,3114,"September 25, 2020"
Persons Incarcerated at Federal Prison in Lompoc Close Contact,1024,"September 25, 2020"
Travel Transmission,12,"September 25, 2020"
Community Transmission,1997,"September 25, 2020"
Unknown,2822,"September 25, 2020"
Under Investigation,68,"September 25, 2020"
Community Close Contact Transmission,3102,"September 24, 2020"
Persons Incarcerated at Federal Prison in Lompoc Close Contact,1024,"September 24, 2020"
Travel Transmission,12,"September 24, 2020"
Community Transmission,1981,"September 24, 2020"
Unknown,2799,"September 24, 2020"
Under Investigation,85,"September 24, 2020"
Community Close Contact Transmission,3088,"September 23, 2020"
Persons Incarcerated at Federal Prison in Lompoc Close Contact,1024,"September 23, 2020"
Travel Transmission,12,"September 23, 2020"
Community Transmission,1965,"September 23, 2020"
Unknown,2788,"September 23, 2020"
Under Investigation,96,"September 23, 2020"
Community Close Contact Transmission,3067,"September 22, 2020"
Persons Incarcerated at Federal Prison in Lompoc Close Contact,1024,"September 22, 2020"
Travel Transmission,12,"September 22, 2020"
Community Transmission,1952,"September 22, 2020"
Unknown,2765,"September 22, 2020"
Under Investigation,132,"September 22, 2020"
Community Close Contact Transmission,3061,"September 21, 2020"
Persons Incarcerated at Federal Prison in Lompoc Close Contact,1024,"September 21, 2020"
Travel Transmission,12,"September 21, 2020"
Community Transmission,1942,"September 21, 2020"
Unknown,2804,"September 21, 2020"
Under Investigation,87,"September 21, 2020"
Community Close Contact Transmission,3030,"September 18, 2020"
Persons Incarcerated at Federal Prison in Lompoc Close Contact,1026,"September 18, 2020"
Travel Transmission,12,"September 18, 2020"
Community Transmission,1916,"September 18, 2020"
Unknown,2791,"September 18, 2020"
Under Investigation,71,"September 18, 2020"
Community Close Contact Transmission,3015,"September 17, 2020"
Persons Incarcerated at Federal Prison in Lompoc Close Contact,1024,"September 17, 2020"
Travel Transmission,12,"September 17, 2020"
Community Transmission,1905,"September 17, 2020"
Unknown,2765,"September 17, 2020"
Under Investigation,82,"September 17, 2020"
Community Close Contact Transmission,2992,"September 16, 2020"
Persons Incarcerated at Federal Prison in Lompoc Close Contact,1024,"September 16, 2020"
Travel Transmission,12,"September 16, 2020"
Community Transmission,1894,"September 16, 2020"
Unknown,2761,"September 16, 2020"
Under Investigation,102,"September 16, 2020"
Community Close Contact Transmission,2960,"September 15, 2020"
Persons Incarcerated at Federal Prison in Lompoc Close Contact,1024,"September 15, 2020"
Travel Transmission,12,"September 15, 2020"
Community Transmission,1870,"September 15, 2020"
Unknown,2753,"September 15, 2020"
Under Investigation,122,"September 15, 2020"
Community Close Contact Transmission,2960,"September 14, 2020"
Persons Incarcerated at Federal Prison in Lompoc Close Contact,1024,"September 14, 2020"
Travel Transmission,12,"September 14, 2020"
Community Transmission,1871,"September 14, 2020"
Unknown,2739,"September 14, 2020"
Under Investigation,112,"September 14, 2020"
Community Close Contact Transmission,2925,"September 11, 2020"
Persons Incarcerated at Federal Prison in Lompoc Close Contact,1024,"September 11, 2020"
Travel Transmission,12,"September 11, 2020"
Community Transmission,1844,"September 11, 2020"
Unknown,2714,"September 11, 2020"
Under Investigation,89,"September 11, 2020"
Community Close Contact Transmission,2911,"September 10, 2020"
Persons Incarcerated at Federal Prison in Lompoc Close Contact,1024,"September 10, 2020"
Travel Transmission,12,"September 10, 2020"
Community Transmission,1834,"September 10, 2020"
Unknown,2701,"September 10, 2020"
Under Investigation,97,"September 10, 2020"
Community Close Contact Transmission,2901,"September 9, 2020"
Persons Incarcerated at Federal Prison in Lompoc Close Contact,1024,"September 9, 2020"
Travel Transmission,12,"September 9, 2020"
Community Transmission,1824,"September 9, 2020"
Unknown,2692,"September 9, 2020"
Under Investigation,97,"September 9, 2020"
Community Close Contact Transmission,2884,"September 8, 2020"
Persons Incarcerated at Federal Prison in Lompoc Close Contact,1023,"September 8, 2020"
Travel Transmission,12,"September 8, 2020"
Community Transmission,1811,"September 8, 2020"
Unknown,2680,"September 8, 2020"
Under Investigation,89,"September 8, 2020"
Community Close Contact Transmission,2811,"September 4, 2020"
Persons Incarcerated at Federal Prison in Lompoc Close Contact,1023,"September 4, 2020"
Travel Transmission,12,"September 4, 2020"
Community Transmission,1753,"September 4, 2020"
Unknown,2625,"September 4, 2020"
Under Investigation,137,"September 4, 2020"
Community Close Contact Transmission,2785,"September 3, 2020"
Persons Incarcerated at Federal Prison in Lompoc Close Contact,1023,"September 3, 2020"
Travel Transmission,12,"September 3, 2020"
Community Transmission,1743,"September 3, 2020"
Unknown,2605,"September 3, 2020"
Under Investigation,132,"September 3, 2020"
Community Close Contact Transmission,2757,"September 2, 2020"
Persons Incarcerated at Federal Prison in Lompoc Close Contact,1022,"September 2, 2020"
Travel Transmission,12,"September 2, 2020"
Community Transmission,1734,"September 2, 2020"
Unknown,2582,"September 2, 2020"
Under Investigation,122,"September 2, 2020"
Community Close Contact Transmission,2731,"September 1, 2020"
Persons Incarcerated at Federal Prison in Lompoc Close Contact,1022,"September 1, 2020"
Travel Transmission,12,"September 1, 2020"
Community Transmission,1718,"September 1, 2020"
Unknown,2570,"September 1, 2020"
Under Investigation,111,"September 1, 2020"
Community Close Contact Transmission,2721,"August 31, 2020"
Persons Incarcerated at Federal Prison in Lompoc Close Contact,1019,"August 31, 2020"
Travel Transmission,12,"August 31, 2020"
Community Transmission,1708,"August 31, 2020"
Unknown,2576,"August 31, 2020"
Under Investigation,107,"August 31, 2020"
Community Close Contact Transmission,2676,"August 28, 2020"
Persons Incarcerated at Federal Prison in Lompoc Close Contact,1019,"August 28, 2020"
Travel Transmission,12,"August 28, 2020"
Community Transmission,16641,"August 28, 2020"
Unknown,2498,"August 28, 2020"
Under Investigation,145,"August 28, 2020"
Community Close Contact Transmission,2653,"August 27, 2020"
Persons Incarcerated at Federal Prison in Lompoc Close Contact,1019,"August 27, 2020"
Travel Transmission,12,"August 27, 2020"
Community Transmission,1651,"August 27, 2020"
Unknown,2487,"August 27, 2020"
Under Investigation,129,"August 27, 2020"
Community Close Contact Transmission,2627,"August 26, 2020"
Persons Incarcerated at Federal Prison in Lompoc Close Contact,1019,"August 26, 2020"
Travel Transmission,12,"August 26, 2020"
Community Transmission,1639,"August 26, 2020"
Unknown,2476,"August 26, 2020"
Under Investigation,143,"August 26, 2020"
Community Close Contact Transmission,2598,"August 25, 2020"
Persons Incarcerated at Federal Prison in Lompoc Close Contact,1019,"August 25, 2020"
Travel Transmission,12,"August 25, 2020"
Community Transmission,1616,"August 25, 2020"
Unknown,2460,"August 25, 2020"
Under Investigation,164,"August 25, 2020"
Community Close Contact Transmission,2598,"August 25, 2020"
Persons Incarcerated at Federal Prison in Lompoc Close Contact,1019,"August 25, 2020"
Travel Transmission,12,"August 25, 2020"
Community Transmission,1616,"August 25, 2020"
Unknown,2460,"August 25, 2020"
Under Investigation,164,"August 25, 2020"
Community Close Contact Transmission,2588,"August 24, 2020"
Persons Incarcerated at Federal Prison in Lompoc Close Contact,1019,"August 24, 2020"
Travel Transmission,12,"August 24, 2020"
Community Transmission,1610,"August 24, 2020"
Unknown,2463,"August 24, 2020"
Under Investigation,108,"August 24, 2020"
Community Close Contact Transmission,2527,"August 21, 2020"
Persons Incarcerated at Federal Prison in Lompoc Close Contact,1019,"August 21, 2020"
Travel Transmission,12,"August 21, 2020"
Community Transmission,1565,"August 21, 2020"
Unknown,2394,"August 21, 2020"
Under Investigation,136,"August 21, 2020"
Community Close Contact Transmission,2508,"August 20, 2020"
Persons Incarcerated at Federal Prison in Lompoc Close Contact,1019,"August 20, 2020"
Travel Transmission,12,"August 20, 2020"
Community Transmission,1553,"August 20, 2020"
Unknown,2633,"August 20, 2020"
Under Investigation,106,"August 20, 2020"
Community Close Contact Transmission,2489,"August 19, 2020"
Persons Incarcerated at Federal Prison in Lompoc Close Contact,1019,"August 19, 2020"
Travel Transmission,12,"August 19, 2020"
Community Transmission,1539,"August 19, 2020"
Unknown,2335,"August 19, 2020"
Under Investigation,113,"August 19, 2020"
Community Close Contact Transmission,2461,"August 18, 2020"
Persons Incarcerated at Federal Prison in Lompoc Close Contact,1019,"August 18, 2020"
Travel Transmission,12,"August 18, 2020"
Community Transmission,1516,"August 18, 2020"
Unknown,2343,"August 18, 2020"
Under Investigation,130,"August 18, 2020"
Community Close Contact Transmission,2447,"August 17, 2020"
Persons Incarcerated at Federal Prison in Lompoc Close Contact,1019,"August 17, 2020"
Travel Transmission,12,"August 17, 2020"
Community Transmission,1508,"August 17, 2020"
Unknown,2278,"August 17, 2020"
Under Investigation,190,"August 17, 2020"
Community Close Contact Transmission,2378,"August 14, 2020"
Persons Incarcerated at Federal Prison in Lompoc Close Contact,1019,"August 14, 2020"
Travel Transmission,12,"August 14, 2020"
Community Transmission,1467,"August 14, 2020"
Unknown,2213,"August 14, 2020"
Under Investigation,185,"August 14, 2020"
Community Close Contact Transmission,2364,"August 13, 2020"
Persons Incarcerated at Federal Prison in Lompoc Close Contact,1019,"August 13, 2020"
Travel Transmission,12,"August 13, 2020"
Community Transmission,1451,"August 13, 2020"
Unknown,2156,"August 13, 2020"
Under Investigation,146,"August 13, 2020"
Community Close Contact Transmission,2328,"August 12, 2020"
Persons Incarcerated at Federal Prison in Lompoc Close Contact,1019,"August 12, 2020"
Travel Transmission,12,"August 12, 2020"
Community Transmission,1424,"August 12, 2020"
Unknown,2126,"August 12, 2020"
Under Investigation,174,"August 12, 2020"
Community Close Contact Transmission,2267,"August 11, 2020"
Persons Incarcerated at Federal Prison in Lompoc Close Contact,1019,"August 11, 2020"
Travel Transmission,12,"August 11, 2020"
Community Transmission,1381,"August 11, 2020"
Unknown,2112,"August 11, 2020"
Under Investigation,283,"August 11, 2020"
Community Close Contact Transmission,2230,"August 10, 2020"
Persons Incarcerated at Federal Prison in Lompoc Close Contact,1019,"August 10, 2020"
Travel Transmission,12,"August 10, 2020"
Community Transmission,1364,"August 10, 2020"
Unknown,2095,"August 10, 2020"
Under Investigation,276,"August 10, 2020"
Community Close Contact Transmission,2180,"August 7, 2020"
Persons Incarcerated at Federal Prison in Lompoc Close Contact,1019,"August 7, 2020"
Travel Transmission,12,"August 7, 2020"
Community Transmission,1318,"August 7, 2020"
Unknown,2032,"August 7, 2020"
Under Investigation,143,"August 7, 2020"
Community Close Contact Transmission,2151,"August 6, 2020"
Persons Incarcerated at Federal Prison in Lompoc Close Contact,1019,"August 6, 2020"
Travel Transmission,12,"August 6, 2020"
Community Transmission,1314,"August 6, 2020"
Unknown,2014,"August 6, 2020"
Under Investigation,142,"August 6, 2020"
Community Close Contact Transmission,2138,"August 5, 2020"
Persons Incarcerated at Federal Prison in Lompoc Close Contact,1019,"August 5, 2020"
Travel Transmission,12,"August 5, 2020"
Community Transmission,1291,"August 5, 2020"
Unknown,1995,"August 5, 2020"
Under Investigation,131,"August 5, 2020"
Community Close Contact Transmission,2107,"August 4, 2020"
Persons Incarcerated at Federal Prison in Lompoc Close Contact,1019,"August 4, 2020"
Travel Transmission,12,"August 4, 2020"
Community Transmission,1270,"August 4, 2020"
Unknown,1987,"August 4, 2020"
Under Investigation,131,"August 4, 2020"
Community Close Contact Transmission,2072,"August 3, 2020"
Persons Incarcerated at Federal Prison in Lompoc Close Contact,1019,"August 3, 2020"
Travel Transmission,12,"August 3, 2020"
Community Transmission,1251,"August 3, 2020"
Under Investigation,2110,"August 3, 2020"
Community Close Contact Transmission,1962,"July 31, 2020"
Persons Incarcerated at Federal Prison in Lompoc Close Contact,1011,"July 31, 2020"
Travel Transmission,12,"July 31, 2020"
Community Transmission,1177,"July 31, 2020"
Under Investigation,2005,"July 31, 2020"
Community Close Contact Transmission,1936,"July 30, 2020"
Persons Incarcerated at Federal Prison in Lompoc Close Contact,1011,"July 30, 2020"
Travel Transmission,12,"July 30, 2020"
Community Transmission,1155,"July 30, 2020"
Under Investigation,1980,"July 30, 2020"
Community Close Contact Transmission,1891,"July 29, 2020"
Persons Incarcerated at Federal Prison in Lompoc Close Contact,1011,"July 29, 2020"
Travel Transmission,12,"July 29, 2020"
Community Transmission,1124,"July 29, 2020"
Under Investigation,1983,"July 29, 2020"
Community Close Contact Transmission,1841,"July 28, 2020"
Persons Incarcerated at Federal Prison in Lompoc Close Contact,1011,"July 28, 2020"
Travel Transmission,12,"July 28, 2020"
Community Transmission,1093,"July 28, 2020"
Under Investigation,1974,"July 28, 2020"
Community Close Contact Transmission,1811,"July 27, 2020"
Persons Incarcerated at Federal Prison in Lompoc Close Contact,1011,"July 27, 2020"
Travel Transmission,12,"July 27, 2020"
Community Transmission,1080,"July 27, 2020"
Under Investigation,1922,"July 27, 2020"
Community Close Contact Transmission,1637,"July 24, 2020"
Persons Incarcerated at Federal Prison in Lompoc Close Contact,1011,"July 24, 2020"
Travel Transmission,12,"July 24, 2020"
Community Transmission,1012,"July 24, 2020"
Under Investigation,1904,"July 24, 2020"
Community Close Contact Transmission,836,"July 23, 2020"
Persons Incarcerated at Federal Prison in Lompoc Close Contact,1010,"July 23, 2020"
Travel Transmission,12,"July 23, 2020"
Community Transmission,622,"July 23, 2020"
Under Investigation,2964,"July 23, 2020"
Community Close Contact Transmission,817,"July 22, 2020"
Persons Incarcerated at Federal Prison in Lompoc Close Contact,1010,"July 22, 2020"
Travel Transmission,12,"July 22, 2020"
Community Transmission,615,"July 22, 2020"
Under Investigation,2828,"July 22, 2020"
Community Close Contact Transmission,817,"July 21, 2020"
Persons Incarcerated at Federal Prison in Lompoc Close Contact,1010,"July 21, 2020"
Travel Transmission,12,"July 21, 2020"
Community Transmission,615,"July 21, 2020"
Under Investigation,2670,"July 21, 2020"
Community Close Contact Transmission,817,"July 20, 2020"
Persons Incarcerated at Federal Prison in Lompoc Close Contact,1009,"July 20, 2020"
Travel Transmission,12,"July 20, 2020"
Community Transmission,615,"July 20, 2020"
Under Investigation,2538,"July 20, 2020"
Community Close Contact Transmission,817,"July 17, 2020"
Persons Incarcerated at Federal Prison in Lompoc Close Contact,1007,"July 17, 2020"
Travel Transmission,12,"July 17, 2020"
Community Transmission,615,"July 17, 2020"
Under Investigation,2308,"July 17, 2020"
Community Close Contact Transmission,798,"July 16, 2020"
Persons Incarcerated at Federal Prison in Lompoc Close Contact,1001,"July 16, 2020"
Travel Transmission,12,"July 16, 2020"
Community Transmission,595,"July 16, 2020"
Under Investigation,2229,"July 16, 2020"
Community Close Contact Transmission,796,"July 15, 2020"
Persons Incarcerated at Federal Prison in Lompoc Close Contact,1000,"July 15, 2020"
Travel Transmission,12,"July 15, 2020"
Community Transmission,594,"July 15, 2020"
Under Investigation,2010,"July 15, 2020"
Community Close Contact Transmission,789,"July 14, 2020"
Persons Incarcerated at Federal Prison in Lompoc Close Contact,998,"July 14, 2020"
Travel Transmission,12,"July 14, 2020"
Community Transmission,594,"July 14, 2020"
Under Investigation,1930,"July 14, 2020"
Community Close Contact Transmission,747,"July 13, 2020"
Persons Incarcerated at Federal Prison in Lompoc Close Contact,998,"July 13, 2020"
Travel Transmission,12,"July 13, 2020"
Community Transmission,550,"July 13, 2020"
Under Investigation,1833,"July 13, 2020"
Community Close Contact Transmission,733,"July 10, 2020"
Persons Incarcerated at Federal Prison in Lompoc Close Contact,998,"July 10, 2020"
Travel Transmission,12,"July 10, 2020"
Community Transmission,542,"July 10, 2020"
Under Investigation,1646,"July 10, 2020"
Community Close Contact Transmission,736,"July 9, 2020"
Persons Incarcerated at Federal Prison in Lompoc Close Contact,998,"July 9, 2020"
Travel Transmission,12,"July 9, 2020"
Community Transmission,542,"July 9, 2020"
Under Investigation,1580,"July 9, 2020"
Community Close Contact Transmission,737,"July 8, 2020"
Persons Incarcerated at Federal Prison in Lompoc Close Contact,984,"July 8, 2020"
Travel Transmission,12,"July 8, 2020"
Community Transmission,541,"July 8, 2020"
Under Investigation,1534,"July 8, 2020"
